Frame Rate:,30.0000000000
Frame Number,Timecode,content_val,delta_hue,delta_lum,delta_sat
1,00:00:00.033,0.05873164424189815,0.09880235460069445,0.020053439670138888,0.05733913845486111
2,00:00:00.067,0.003406665943287037,0.007961697048611112,0.00054931640625,0.001708984375
3,00:00:00.100,0.004177517361111111,0.010776095920138888,0.0005628797743055555,0.001193576388888889
4,00:00:00.133,0.01937527126736111,0.024678548177083332,0.005479600694444444,0.027967664930555556
5,00:00:00.167,0.005680790653935185,0.009969075520833334,0.0035603841145833335,0.003512912326388889
6,00:00:00.200,0.0012026186342592594,0.0030110677083333335,0.00020345052083333334,0.0003933376736111111
7,00:00:00.233,0.00036168981481481485,0.00037299262152777775,0.0002780490451388889,0.00043402777777777775
8,00:00:00.267,0.005884241174768518,0.008646647135416666,0.00390625,0.005099826388888889
9,00:00:00.300,0.001286259403935185,0.0006646050347222222,0.002678765190972222,0.0005154079861111111
10,00:00:00.333,0.00023509837962962967,0.00037977430555555556,0.00011528862847222222,0.00021023220486111112
11,00:00:00.367,0.00018084490740740742,0.0002712673611111111,0.00010172526041666667,0.00016954210069444444
12,00:00:00.400,0.001048900462962963,0.00031873914930555556,0.002617730034722222,0.00021023220486111112
13,00:00:00.433,0.001437717013888889,0.0011054144965277778,0.0026109483506944445,0.0005967881944444445
14,00:00:00.467,0.00018084490740740742,0.0002712673611111111,0.00010172526041666667,0.00016954210069444444
15,00:00:00.500,0.00018084490740740742,0.0002712673611111111,0.00010172526041666667,0.00016954210069444444
16,00:00:00.533,0.0008635344328703703,0.0,0.002590603298611111,0.0
17,00:00:00.567,0.0008499710648148148,0.0,0.0025499131944444445,0.0
18,00:00:00.600,0.00018084490740740742,0.0002712673611111111,0.00010172526041666667,0.00016954210069444444
19,00:00:00.633,0.00018084490740740742,0.0002712673611111111,0.00010172526041666667,0.00016954210069444444
20,00:00:00.667,0.0008499710648148148,0.0,0.0025499131944444445,0.0
21,00:00:00.700,0.0008499710648148148,0.0,0.0025499131944444445,0.0
22,00:00:00.733,0.00018084490740740742,0.0002712673611111111,0.00010172526041666667,0.00016954210069444444
23,00:00:00.767,0.00018084490740740742,0.0002712673611111111,0.00010172526041666667,0.00016954210069444444
24,00:00:00.800,0.0008499710648148148,0.0,0.0025499131944444445,0.0
25,00:00:00.833,0.0008499710648148148,0.0,0.0025499131944444445,0.0
26,00:00:00.867,0.00018084490740740742,0.0002712673611111111,0.00010172526041666667,0.00016954210069444444
27,00:00:00.900,0.00018084490740740742,0.0002712673611111111,0.00010172526041666667,0.00016954210069444444
28,00:00:00.933,0.0008499710648148148,0.0,0.0025499131944444445,0.0
29,00:00:00.967,0.0008499710648148148,0.0,0.0025499131944444445,0.0
30,00:00:01.000,0.00018084490740740742,0.0002712673611111111,0.00010172526041666667,0.00016954210069444444
31,00:00:01.033,0.00018084490740740742,0.0002712673611111111,0.00010172526041666667,0.00016954210069444444
32,00:00:01.067,0.0008499710648148148,0.0,0.0025499131944444445,0.0
33,00:00:01.100,0.0008499710648148148,0.0,0.0025499131944444445,0.0
34,00:00:01.133,0.00018084490740740742,0.0002712673611111111,0.00010172526041666667,0.00016954210069444444
35,00:00:01.167,0.00018084490740740742,0.0002712673611111111,0.00010172526041666667,0.00016954210069444444
36,00:00:01.200,0.0008499710648148148,0.0,0.0025499131944444445,0.0
37,00:00:01.233,0.0008499710648148148,0.0,0.0025499131944444445,0.0
38,00:00:01.267,0.00018084490740740742,0.0002712673611111111,0.00010172526041666667,0.00016954210069444444
39,00:00:01.300,0.00018084490740740742,0.0002712673611111111,0.00010172526041666667,0.00016954210069444444
40,00:00:01.333,0.0008499710648148148,0.0,0.0025499131944444445,0.0
41,00:00:01.367,0.0008544921875,0.0,0.0025634765625,0.0
42,00:00:01.400,0.00018084490740740742,0.0002712673611111111,0.00010172526041666667,0.00016954210069444444
43,00:00:01.433,0.00018310546875,0.0002712673611111111,0.00010850694444444444,0.00016954210069444444
44,00:00:01.467,0.0008499710648148148,0.0,0.0025499131944444445,0.0
45,00:00:01.500,0.0008499710648148148,0.0,0.0025499131944444445,0.0
46,00:00:01.533,0.00018084490740740742,0.0002712673611111111,0.00010172526041666667,0.00016954210069444444
47,00:00:01.567,0.00018084490740740742,0.0002712673611111111,0.00010172526041666667,0.00016954210069444444
48,00:00:01.600,0.0008590133101851852,0.0,0.0025770399305555555,0.0
49,00:00:01.633,0.0008522316261574073,0.0,0.002556694878472222,0.0
50,00:00:01.667,0.00018310546875,0.0002712673611111111,0.00010850694444444444,0.00016954210069444444
51,00:00:01.700,0.00018310546875,0.0002712673611111111,0.00010850694444444444,0.00016954210069444444
52,00:00:01.733,0.0019056532118055553,0.0022786458333333335,0.0027872721354166665,0.0006510416666666666
53,00:00:01.767,0.003490306712962963,0.005744086371527778,0.002902560763888889,0.0018242730034722222
54,00:00:01.800,0.00018084490740740742,0.0002712673611111111,0.00010172526041666667,0.00016954210069444444
55,00:00:01.833,0.0002486617476851852,0.00031873914930555556,0.00020345052083333334,0.00022379557291666666
56,00:00:01.867,0.002778229890046296,0.0003662109375,0.0026380750868055555,0.005330403645833333
57,00:00:01.900,0.002007378472222222,0.0,0.0025634765625,0.0034586588541666665
58,00:00:01.933,0.00018084490740740742,0.0002712673611111111,0.00010172526041666667,0.00016954210069444444
59,00:00:01.967,0.00018084490740740742,0.0002712673611111111,0.00010172526041666667,0.00016954210069444444
60,00:00:02.000,0.008732548466435184,0.014533148871527778,0.003058539496527778,0.00860595703125
61,00:00:02.033,0.002983940972222222,0.003167046440972222,0.0028483072916666665,0.002936469184027778
62,00:00:02.067,0.00018084490740740742,0.0002712673611111111,0.00010172526041666667,0.00016954210069444444
63,00:00:02.100,0.00018084490740740742,0.0002712673611111111,0.00010172526041666667,0.00016954210069444444
64,00:00:02.133,0.002952293113425926,0.002081976996527778,0.0027330186631944445,0.004041883680555556
65,00:00:02.167,0.0027669270833333335,0.0004069010416666667,0.002570258246527778,0.005323621961805556
66,00:00:02.200,0.00018084490740740742,0.0002712673611111111,0.00010172526041666667,0.00016954210069444444
67,00:00:02.233,0.00018084490740740742,0.0002712673611111111,0.00010172526041666667,0.00016954210069444444
68,00:00:02.267,0.001225224247685185,0.0007866753472222222,0.0025499131944444445,0.0003390842013888889
69,00:00:02.300,0.001225224247685185,0.0007866753472222222,0.0025499131944444445,0.0003390842013888889
70,00:00:02.333,0.00018084490740740742,0.0002712673611111111,0.00010172526041666667,0.00016954210069444444
71,00:00:02.367,0.00018084490740740742,0.0002712673611111111,0.00010172526041666667,0.00016954210069444444
72,00:00:02.400,0.0032823350694444445,0.002956814236111111,0.0027601453993055555,0.004130045572916667
73,00:00:02.433,0.0032823350694444445,0.002956814236111111,0.0027601453993055555,0.004130045572916667
74,00:00:02.467,0.00018084490740740742,0.0002712673611111111,0.00010172526041666667,0.00016954210069444444
75,00:00:02.500,0.00018084490740740742,0.0002712673611111111,0.00010172526041666667,0.00016954210069444444
76,00:00:02.533,0.0009923864293981482,0.0003662109375,0.0025499131944444445,6.103515625e-05
77,00:00:02.567,0.001148365162037037,0.00067138671875,0.002590603298611111,0.00018310546875
78,00:00:02.600,0.00018084490740740742,0.0002712673611111111,0.00010172526041666667,0.00016954210069444444
79,00:00:02.633,0.00018084490740740742,0.0002712673611111111,0.00010172526041666667,0.00016954210069444444
80,00:00:02.667,0.003033673321759259,0.0052490234375,0.002651638454861111,0.0012003580729166667
81,00:00:02.700,0.16503002025462962,0.21516927083333334,0.17692735460069445,0.1029934353298611
82,00:00:02.733,0.00408031322337963,0.008165147569444444,0.0019124348958333333,0.002163357204861111
83,00:00:02.767,0.022404423466435185,0.031962076822916664,0.0096435546875,0.025607638888888888
84,00:00:02.800,0.06220386646412037,0.08961317274305555,0.03179931640625,0.06519911024305555
85,00:00:02.833,0.4656575520833333,0.68267822265625,0.2246161566840278,0.4896782769097222
86,00:00:02.867,1.7292209201388886,2.0305311414930554,0.4414808485243056,2.7156507703993054
87,00:00:02.900,0.6867924442997686,1.5286051432291667,0.1596950954861111,0.3720770941840278
88,00:00:02.933,0.39715576171875,0.6906602647569444,0.05988905164930555,0.44091796875
89,00:00:02.967,4.971033166956018,3.7926567925347223,6.913892957899305,4.206549750434028
90,00:00:03.000,5.864653410734953,5.93780517578125,7.302266438802083,4.353888617621528
91,00:00:03.033,7.335469563802083,3.5500895182291665,14.53182644314236,3.9244927300347223
92,00:00:03.067,6.049754955150463,2.7368028428819446,12.180257161458334,3.232204861111111
93,00:00:03.100,6.719878020109955,6.699028862847222,8.882310655381945,4.578294542100695
94,00:00:03.133,9.281711154513888,8.438164605034721,13.051500108506945,6.35546875
95,00:00:03.167,8.771341959635416,6.396491156684028,12.70761447482639,7.209920247395833
96,00:00:03.200,4.764888057002315,4.18365478515625,6.348307291666667,3.7627020941840277
97,00:00:03.233,5.047112358940972,4.934800889756945,6.369466145833333,3.837070041232639
98,00:00:03.267,3.450039333767361,3.4748738606770835,4.441908094618055,2.4333360460069446
99,00:00:03.300,3.5386917679398144,7.476691351996528,0.09374321831597222,3.0456407335069446
100,00:00:03.333,0.48772515190972215,0.7902357313368056,0.027988009982638888,0.6449517144097222
101,00:00:03.367,0.045536747685185175,0.0882229275173611,0.002495659722222222,0.045891655815972224
102,00:00:03.400,0.24464925130208334,0.4139268663194444,0.009406195746527778,0.3106146918402778
103,00:00:03.433,0.06499113859953705,0.11699083116319445,0.010823567708333334,0.06715901692708333
104,00:00:03.467,0.005343967013888888,0.007527669270833333,0.00079345703125,0.007710774739583333
105,00:00:03.500,0.00502296730324074,0.009880913628472222,0.0008273654513888889,0.004360622829861111
106,00:00:03.533,0.02141655815972222,0.039252387152777776,0.0033772786458333335,0.021620008680555556
107,00:00:03.567,0.019614890769675927,0.03477647569444445,0.003879123263888889,0.020189073350694444
108,00:00:03.600,0.003937897858796296,0.005859375,0.0004475911458333333,0.005506727430555556
109,00:00:03.633,0.003996672453703704,0.008015950520833334,0.00041368272569444444,0.0035603841145833335
110,00:00:03.667,0.018532081886574073,0.030436197916666668,0.001925998263888889,0.023234049479166668
111,00:00:03.700,0.022356951678240738,0.040459526909722224,0.002346462673611111,0.024264865451388888
112,00:00:03.733,0.003494827835648148,0.007344563802083333,0.00023735894097222222,0.002902560763888889
113,00:00:03.767,0.002843786168981482,0.005527072482638889,0.00025092230902777775,0.002753363715277778
114,00:00:03.800,0.01708758318865741,0.034403483072916664,0.0018310546875,0.015028211805555556
115,00:00:03.833,0.013979311342592593,0.028130425347222224,0.00164794921875,0.012159559461805556
116,00:00:03.867,0.0027284975405092587,0.005357530381944444,0.00023057725694444444,0.002597384982638889
117,00:00:03.900,0.0027149341724537032,0.005357530381944444,0.00018988715277777778,0.002597384982638889
118,00:00:03.933,0.01518871166087963,0.03195529513888889,0.001220703125,0.01239013671875
119,00:00:03.967,0.012150517216435187,0.023593478732638888,0.0012410481770833333,0.011617024739583334
120,00:00:04.000,0.002721715856481481,0.005357530381944444,0.00021023220486111112,0.002597384982638889
121,00:00:04.033,0.002721715856481481,0.005357530381944444,0.00021023220486111112,0.002597384982638889
122,00:00:04.067,0.012903284143518517,0.025906032986111112,0.0012342664930555555,0.011569552951388888
123,00:00:04.100,0.013108995225694446,0.02484130859375,0.00128173828125,0.013203938802083334
124,00:00:04.133,0.002721715856481481,0.005357530381944444,0.00021023220486111112,0.002597384982638889
125,00:00:04.167,0.0027194552951388886,0.005357530381944444,0.00020345052083333334,0.002597384982638889
126,00:00:04.200,0.014691388165509259,0.025831434461805556,0.0012681749131944445,0.016974555121527776
127,00:00:04.233,0.06077971281828703,0.1340264214409722,0.0034586588541666665,0.044854058159722224
128,00:00:04.267,0.008694118923611112,0.017923990885416668,0.0009562174479166666,0.0072021484375
129,00:00:04.300,0.036969220196759266,0.07877604166666667,0.00128173828125,0.030849880642361112
130,00:00:04.333,0.41946976273148145,0.6035630967881944,0.20625813802083334,0.4485880533854167
131,00:00:04.367,0.15037480107060186,0.3178236219618056,0.003940158420138889,0.1293606228298611
132,00:00:04.400,0.351646140769676,0.5371568467881944,0.016228569878472224,0.5015530056423612
133,00:00:04.433,0.05437780309606482,0.10860188802083333,0.03257921006944445,0.021952311197916668
134,00:00:04.467,0.09210883246527778,0.21370442708333334,0.005906846788194444,0.05671522352430555
135,00:00:04.500,0.0949119285300926,0.19679768880208334,0.039360894097222224,0.048577202690972224
136,00:00:04.533,0.04410581235532407,0.08732774522569445,0.013665093315972222,0.03132459852430555
137,00:00:04.567,0.022745768229166668,0.03538682725694445,0.017754448784722224,0.015096028645833334
138,00:00:04.600,0.10237178096064814,0.22922770182291666,0.023579915364583332,0.05430772569444445
139,00:00:04.633,0.04924632884837963,0.07328287760416667,0.04342990451388889,0.031026204427083332
140,00:00:04.667,0.09755226417824074,0.17041015625,0.04598659939236111,0.0762600368923611
141,00:00:04.700,3.1940013744212963,2.9211629231770835,4.619086371527778,2.0417548285590277
142,00:00:04.733,3.6182002314814814,3.0609944661458335,5.44024658203125,2.353359646267361
143,00:00:04.767,5.782812047887732,3.7689683702256946,10.249884711371529,3.3295830620659723
144,00:00:04.800,8.522648564091435,4.511006673177083,16.939561631944443,4.117377387152778
145,00:00:04.833,5.6939471209490735,3.3947211371527777,10.236829969618055,3.450290256076389
146,00:00:04.867,8.300760904947916,2.249294704861111,19.547953287760418,3.1050347222222223
147,00:00:04.900,5.546210394965278,0.6715766059027778,14.4061279296875,1.5609266493055556
148,00:00:04.933,4.839384856047453,0.6790635850694444,12.28304714626736,1.5560438368055556
149,00:00:04.967,3.5816311306423607,0.6218804253472222,8.751688639322916,1.3713243272569444
150,00:00:05.000,2.271531846788194,0.4816216362847222,5.196187337239583,1.1367865668402777
151,00:00:05.033,0.0693653247974537,0.08038330078125,0.033867730034722224,0.0938449435763889
152,00:00:05.067,0.043820981626157406,0.015625,0.008226182725694444,0.10761176215277778
153,00:00:05.100,0.007640697337962962,0.006673177083333333,0.0006578233506944445,0.015591091579861112
154,00:00:05.133,0.0890774197048611,0.056816948784722224,0.009487575954861112,0.200927734375
155,00:00:05.167,0.04667381004050925,0.030517578125,0.005601671006944444,0.10390218098958333
156,00:00:05.200,0.0020186812789351853,0.002509223090277778,0.0005832248263888889,0.002963595920138889
157,00:00:05.233,0.00013111255787037038,0.0,0.00035264756944444444,4.0690104166666664e-05
158,00:00:05.267,0.020661530671296297,0.013095431857638888,0.0037367078993055555,0.04515245225694445
159,00:00:05.300,0.01831280743634259,0.009765625,0.003668891059027778,0.04150390625
160,00:00:05.333,7.911964699074074e-05,0.0,0.00023735894097222222,0.0
161,00:00:05.367,8.590133101851852e-05,0.0,0.00025770399305555556,0.0
162,00:00:05.400,0.043660481770833336,0.023600260416666668,0.0035807291666666665,0.10380045572916667
163,00:00:05.433,0.0010534215856481482,0.0,0.0031602647569444445,0.0
164,00:00:05.467,8.816189236111111e-05,0.0,0.0002644856770833333,0.0
165,00:00:05.500,8.816189236111111e-05,0.0,0.0002644856770833333,0.0
166,00:00:05.533,0.0010353370949074076,0.00020345052083333334,0.002902560763888889,0.0
167,00:00:05.567,0.0010873300057870371,0.00020345052083333334,0.003058539496527778,0.0
168,00:00:05.600,8.364076967592592e-05,0.0,0.00025092230902777775,0.0
169,00:00:05.633,8.364076967592592e-05,0.0,0.00025092230902777775,0.0
170,00:00:05.667,0.0009562174479166666,0.0,0.00286865234375,0.0
171,00:00:05.700,0.0009856047453703704,0.0,0.002956814236111111,0.0
172,00:00:05.733,8.590133101851852e-05,0.0,0.00025770399305555556,0.0
173,00:00:05.767,8.364076967592592e-05,0.0,0.00025092230902777775,0.0
174,00:00:05.800,0.000953956886574074,0.0,0.002861870659722222,0.0
175,00:00:05.833,0.04901575159143518,0.03355577256944445,0.005825466579861111,0.107666015625
176,00:00:05.867,0.0008386682581018518,0.0014580620659722222,0.0004543728298611111,0.0006035698784722222
177,00:00:05.900,0.20200828269675927,0.20298258463541666,0.1683281792534722,0.2347140842013889
178,00:00:05.933,0.02897361472800926,0.03141954210069445,0.004896375868055556,0.050604926215277776
179,00:00:05.967,0.026256419994212965,0.0379638671875,0.017693413628472224,0.023111979166666668
180,00:00:06.000,0.011517560040509259,0.011121961805555556,0.016262478298611112,0.007168240017361111
181,00:00:06.033,0.02482322410300926,0.017469618055555556,0.022508409288194444,0.034491644965277776
182,00:00:06.067,0.09184208622685185,0.0679592556423611,0.022067599826388888,0.18549940321180555
183,00:00:06.100,0.010116012008101851,0.016893174913194444,0.005228678385416667,0.008226182725694444
184,00:00:06.133,12.064952709056712,1.2327067057291667,33.68206787109375,1.2800835503472223
185,00:00:06.167,4.41795970775463,2.2286309136284723,8.691880967881945,2.3333672417534723
186,00:00:06.200,5.235810456452547,2.7674153645833335,10.1541748046875,2.7858412000868054
187,00:00:06.233,5.7494280779803235,3.7687513563368054,10.35696072048611,3.1225721571180554
188,00:00:06.267,5.679169831452547,4.706590440538195,9.052327473958334,3.278591579861111
189,00:00:06.300,4.950315122251157,4.786661783854167,7.358045789930555,2.70623779296875
190,00:00:06.333,5.3107073748553235,4.150648328993055,8.570359971788195,3.2111138237847223
191,00:00:06.367,3.0877956814236107,2.83685302734375,4.690131293402778,1.7364027235243056
192,00:00:06.400,0.01792625144675926,0.041056315104166664,0.0006917317708333334,0.012030707465277778
193,00:00:06.433,0.0926536277488426,0.21241590711805555,0.005608452690972222,0.0599365234375
194,00:00:06.467,0.07254593460648148,0.17100016276041666,0.007880316840277778,0.03875732421875
195,00:00:06.500,0.004928023726851852,0.009779188368055556,0.0008002387152777778,0.004204644097222222
196,00:00:06.533,0.0071433738425925935,0.015638563368055556,0.0007731119791666666,0.005018446180555556
197,00:00:06.567,0.04778374565972223,0.11686197916666667,0.004170735677083333,0.022318522135416668
198,00:00:06.600,0.04022216796875,0.09505208333333333,0.003207736545138889,0.022406684027777776
199,00:00:06.633,0.010572645399305554,0.0244140625,0.00048149956597222225,0.006822374131944444
200,00:00:06.667,0.004105179398148149,0.009785970052083334,0.0004475911458333333,0.002081976996527778
201,00:00:06.700,0.1235984519675926,0.2982109917534722,0.006720648871527778,0.06586371527777778
202,00:00:06.733,0.015701859085648147,0.035970052083333336,0.0037027994791666665,0.007432725694444444
203,00:00:06.767,0.005540635850694444,0.01287841796875,0.0013902452256944445,0.002353244357638889
204,00:00:06.800,0.00377513744212963,0.0086669921875,0.0008612738715277778,0.001797146267361111
205,00:00:06.833,0.021995261863425927,0.04869249131944445,0.00225830078125,0.015034993489583334
206,00:00:06.867,0.016621907552083332,0.03776719835069445,0.004896375868055556,0.0072021484375
207,00:00:06.900,0.017284252025462965,0.041829427083333336,0.004774305555555556,0.0052490234375
208,00:00:06.933,0.00626853660300926,0.014180501302083334,0.0023668077256944445,0.00225830078125
209,00:00:06.967,0.017128273292824073,0.041178385416666664,0.0028550889756944445,0.007351345486111111
210,00:00:07.000,0.008870442708333334,0.018948025173611112,0.004814995659722222,0.0028483072916666665
211,00:00:07.033,0.005409523292824074,0.013129340277777778,0.0012749565972222222,0.0018242730034722222
212,00:00:07.067,0.0028098777488425927,0.007086859809027778,0.00022379557291666666,0.0011189778645833333
213,00:00:07.100,0.012078179253472222,0.030856662326388888,0.0008544921875,0.004523383246527778
214,00:00:07.133,0.010391800491898149,0.025627983940972224,0.0009833441840277778,0.004564073350694444
215,00:00:07.167,0.002070674189814815,0.005255805121527778,9.494357638888889e-05,0.0008612738715277778
216,00:00:07.200,0.00336597583912037,0.008653428819444444,0.000244140625,0.0012003580729166667
217,00:00:07.233,0.13419144241898148,0.15178087022569445,0.21586100260416666,0.034932454427083336
218,00:00:07.267,0.009813096788194444,0.024217393663194444,0.0011732313368055555,0.004048665364583333
219,00:00:07.300,0.0021633572048611114,0.005255805121527778,0.00030517578125,0.0009290907118055555
220,00:00:07.333,0.002617730034722222,0.00616455078125,0.00043402777777777775,0.001254611545138889
221,00:00:07.367,0.02203143084490741,0.044331868489583336,0.011237250434027778,0.010525173611111112
222,00:00:07.400,0.04216625072337963,0.068115234375,0.04379611545138889,0.01458740234375
223,00:00:07.433,0.017496744791666668,0.019497341579861112,0.024339463975694444,0.008653428819444444
224,00:00:07.467,0.021516022858796297,0.021023220486111112,0.035319010416666664,0.008205837673611112
225,00:00:07.500,0.044026692708333336,0.06142849392361111,0.050543891059027776,0.020107693142361112
226,00:00:07.533,0.06574616608796297,0.14396158854166666,0.004855685763888889,0.048421223958333336
227,00:00:07.567,0.026647497106481483,0.025302463107638888,0.04582383897569445,0.008816189236111112
228,00:00:07.600,0.07182707609953703,0.1589898003472222,0.03703477647569445,0.019456651475694444
229,00:00:07.633,3.6000049732349537,2.6943834092881946,5.952406141493055,2.153225368923611
230,00:00:07.667,4.862273039641203,3.5842827690972223,7.780978732638889,3.2215576171875
231,00:00:07.700,5.806360315393519,3.8492499457465277,9.83504909939236,3.7347819010416665
232,00:00:07.733,6.923674406828703,4.031317816840278,12.284783257378471,4.454922146267361
233,00:00:07.767,6.821747956452547,3.5062662760416665,13.03897433810764,3.9200032552083335
234,00:00:07.800,7.1862001772280095,3.0111762152777777,14.762620713975695,3.7848036024305554
235,00:00:07.833,6.142146357783564,2.8620130750868054,12.075927734375,3.488498263888889
236,00:00:07.867,5.5193345811631955,2.71002197265625,10.147040473090279,3.7009412977430554
237,00:00:07.900,3.6312165436921298,2.219875759548611,5.850111219618055,2.8236626519097223
238,00:00:07.933,2.94586181640625,2.0551689995659723,4.45880126953125,2.3236151801215277
239,00:00:07.967,0.09383364076967592,0.1723904079861111,0.036580403645833336,0.07253011067708333
240,00:00:08.000,0.021188241464120367,0.030239529079861112,0.0034993489583333335,0.029825846354166668
241,00:00:08.033,0.008086027922453705,0.011969672309027778,0.0013563368055555555,0.010932074652777778
242,00:00:08.067,0.025270815248842598,0.03727891710069445,0.00640869140625,0.032124837239583336
243,00:00:08.100,0.02472601996527778,0.05221218532986111,0.006571451822916667,0.015394422743055556
244,00:00:08.133,0.003334327980324074,0.004509819878472222,0.00091552734375,0.00457763671875
245,00:00:08.167,0.0031512225115740747,0.004462348090277778,0.0009426540798611111,0.004048665364583333
246,00:00:08.200,0.018235948350694444,0.028164333767361112,0.004014756944444444,0.022528754340277776
247,00:00:08.233,0.004640932436342593,0.006747775607638889,0.0025770399305555555,0.004597981770833333
248,00:00:08.267,0.001641167534722222,0.00091552734375,0.0005425347222222222,0.0034654405381944445
249,00:00:08.300,0.0016592520254629626,0.0009290907118055555,0.0005357530381944445,0.003512912326388889
250,00:00:08.333,0.006236888744212962,0.011149088541666666,0.00238037109375,0.005181206597222222
251,00:00:08.367,0.004421657986111111,0.0059814453125,0.0027058919270833335,0.00457763671875
252,00:00:08.400,0.0016276041666666667,0.00091552734375,0.0005018446180555555,0.0034654405381944445
253,00:00:08.433,0.0016276041666666667,0.00091552734375,0.0005018446180555555,0.0034654405381944445
254,00:00:08.467,0.006153247974537036,0.011447482638888888,0.002353244357638889,0.004659016927083333
255,00:00:08.500,0.0038519965277777775,0.004903157552083333,0.0023193359375,0.00433349609375
256,00:00:08.533,0.0016276041666666667,0.00091552734375,0.0005018446180555555,0.0034654405381944445
257,00:00:08.567,0.0016276041666666667,0.00091552734375,0.0005018446180555555,0.0034654405381944445
258,00:00:08.600,0.004930284288194445,0.007778591579861111,0.0022989908854166665,0.004713270399305556
259,00:00:08.633,0.023512098524305556,0.05758327907986111,0.0032212999131944445,0.009731716579861112
260,00:00:08.667,0.0023668077256944445,0.0024278428819444445,0.0006306966145833334,0.004041883680555556
261,00:00:08.700,0.006026656539351852,0.008572048611111112,0.005479600694444444,0.0040283203125
262,00:00:08.733,0.040764702690972224,0.06290690104166667,0.006476508246527778,0.052910698784722224
263,00:00:08.767,0.009743019386574073,0.011067708333333334,0.0025227864583333335,0.015638563368055556
264,00:00:08.800,0.007401077835648147,0.009128146701388888,0.001376681857638889,0.011698404947916666
265,00:00:08.833,0.0037773980034722225,0.005683051215277778,0.0012342664930555555,0.004414876302083333
266,00:00:08.867,0.01050708912037037,0.008524576822916666,0.0027058919270833335,0.020290798611111112
267,00:00:08.900,0.004249855324074074,0.005601671006944444,0.0026448567708333335,0.004503038194444444
268,00:00:08.933,0.005210593894675926,0.005859375,0.0006849500868055555,0.009087456597222222
269,00:00:08.967,0.0017881040219907406,0.0009969075520833333,0.0007595486111111111,0.003607855902777778
270,00:00:09.000,0.007145634403935185,0.009636773003472222,0.0020955403645833335,0.00970458984375
271,00:00:09.033,0.006858543113425927,0.008931477864583334,0.0023328993055555555,0.009311252170138888
272,00:00:09.067,0.1288180881076389,0.17173258463541666,0.1827460394965278,0.031975640190972224
273,00:00:09.100,0.02376076027199074,0.03709581163194445,0.01934814453125,0.014838324652777778
274,00:00:09.133,0.007972999855324073,0.009514702690972222,0.008578830295138888,0.005825466579861111
275,00:00:09.167,0.02267116970486111,0.04182264539930555,0.016750759548611112,0.009440104166666666
276,00:00:09.200,0.011879249855324075,0.011054144965277778,0.017618815104166668,0.006964789496527778
277,00:00:09.233,0.01585105613425926,0.014356825086805556,0.0260009765625,0.007195366753472222
278,00:00:09.267,0.038655598958333336,0.028354220920138888,0.030707465277777776,0.056905110677083336
279,00:00:09.300,3.8133838794849537,2.28656005859375,6.541246202256945,2.6123453776041665
280,00:00:09.333,4.29547119140625,2.2960408528645835,7.986768934461805,2.603603786892361
281,00:00:09.367,6.494409631799769,2.7023857964409723,13.656175401475695,3.124667697482639
282,00:00:09.400,7.043655960648148,2.6624959309895835,15.659525553385416,2.8089463975694446
283,00:00:09.433,7.077397099247686,2.2152777777777777,16.55929226345486,2.4576212565104165
284,00:00:09.467,8.128625940393519,1.48577880859375,20.750684950086807,2.1494140625
285,00:00:09.500,4.395444516782407,0.8309190538194444,11.062872992621529,1.29254150390625
286,00:00:09.533,4.762225115740741,0.6622111002604166,12.458075629340279,1.1663886176215277
287,00:00:09.567,4.0244140625,0.6566094292534722,10.236924913194445,1.1797078450520833
288,00:00:09.600,0.06955747251157407,0.06248643663194445,0.022135416666666668,0.1240505642361111
289,00:00:09.633,0.07568811487268519,0.042412651909722224,0.014133029513888888,0.17051866319444445
290,00:00:09.667,0.0017270688657407406,0.0008138020833333334,0.0008205837673611111,0.003546820746527778
291,00:00:09.700,0.03816279658564815,0.044331868489583336,0.006395128038194444,0.06376139322916667
292,00:00:09.733,0.01954933449074074,0.010125054253472222,0.004231770833333333,0.044291178385416664
293,00:00:09.767,0.0023509837962962963,0.0010172526041666667,0.0004475911458333333,0.005588107638888889
294,00:00:09.800,0.0014919704861111112,0.0008138020833333334,0.00019666883680555556,0.0034654405381944445
295,00:00:09.833,0.006926359953703704,0.006008572048611111,0.002597384982638889,0.012173122829861112
296,00:00:09.867,0.004747178819444444,0.003573947482638889,0.001925998263888889,0.008741590711805556
297,00:00:09.900,0.0015055338541666667,0.0008138020833333334,0.000244140625,0.0034586588541666665
298,00:00:09.933,0.0014829282407407406,0.0008138020833333334,0.00017632378472222222,0.0034586588541666665
299,00:00:09.967,0.012984664351851853,0.0008138020833333334,0.0018242730034722222,0.03631591796875
300,00:00:10.000,0.012946234809027778,0.0008138020833333334,0.001708984375,0.03631591796875
301,00:00:10.033,0.0014738859953703704,0.0008138020833333334,0.00014919704861111112,0.0034586588541666665
302,00:00:10.067,0.0014603226273148147,0.0008138020833333334,0.00010850694444444444,0.0034586588541666665
303,00:00:10.100,0.004659016927083333,0.003573947482638889,0.0016615125868055555,0.008741590711805556
304,00:00:10.133,0.004659016927083333,0.003573947482638889,0.0016615125868055555,0.008741590711805556
305,00:00:10.167,0.0014716254340277778,0.0008138020833333334,0.00014241536458333334,0.0034586588541666665
306,00:00:10.200,0.0014558015046296296,0.0008138020833333334,9.494357638888889e-05,0.0034586588541666665
307,00:00:10.233,0.012919108072916666,0.0008138020833333334,0.0016276041666666667,0.03631591796875
308,00:00:10.267,0.012928150318287037,0.0008138020833333334,0.0016547309027777778,0.03631591796875
309,00:00:10.300,0.0014738859953703704,0.0008138020833333334,0.00014919704861111112,0.0034586588541666665
310,00:00:10.333,0.0014558015046296296,0.0008138020833333334,9.494357638888889e-05,0.0034586588541666665
311,00:00:10.367,0.00447365089699074,0.0032552083333333335,0.0015190972222222222,0.008646647135416666
312,00:00:10.400,0.004489474826388889,0.0032552083333333335,0.0015665690104166667,0.008646647135416666
313,00:00:10.433,0.0014671043113425927,0.0008138020833333334,0.00012885199652777778,0.0034586588541666665
314,00:00:10.467,0.0014512803819444443,0.0008138020833333334,8.138020833333333e-05,0.0034586588541666665
315,00:00:10.500,0.012914586950231483,0.0008138020833333334,0.001614040798611111,0.03631591796875
316,00:00:10.533,0.012925889756944446,0.0008138020833333334,0.00164794921875,0.03631591796875
317,00:00:10.567,0.0014671043113425927,0.0008138020833333334,0.00012885199652777778,0.0034586588541666665
318,00:00:10.600,0.0014512803819444443,0.0008138020833333334,8.138020833333333e-05,0.0034586588541666665
319,00:00:10.633,0.004457826967592593,0.0032552083333333335,0.0014716254340277778,0.008646647135416666
320,00:00:10.667,0.009028682002314816,0.006727430555555556,0.002434624565972222,0.017923990885416668
321,00:00:10.700,0.001953125,0.0020887586805555555,0.00025770399305555556,0.003512912326388889
322,00:00:10.733,0.0015643084490740743,0.0008680555555555555,0.0003390842013888889,0.003485785590277778
323,00:00:10.767,0.029455114293981483,0.011345757378472222,0.013692220052083334,0.0633273654513889
324,00:00:10.800,0.11796965422453703,0.15032958984375,0.16984727647569445,0.033732096354166664
325,00:00:10.833,0.006779423466435185,0.005513509114583333,0.009297688802083334,0.005527072482638889
326,00:00:10.867,0.004801432291666667,0.0016276041666666667,0.007534450954861111,0.005242241753472222
327,00:00:10.900,0.014438205295138888,0.012742784288194444,0.012532552083333334,0.018039279513888888
328,00:00:10.933,0.008149323640046295,0.006564670138888889,0.012532552083333334,0.005350748697916667
329,00:00:10.967,0.036252622251157406,0.023885091145833332,0.07591417100694445,0.008958604600694444
330,00:00:11.000,0.008870442708333334,0.008558485243055556,0.011054144965277778,0.006998697916666667
331,00:00:11.033,5.433057996961806,0.8812255859375,14.198676215277779,1.2192721896701388
332,00:00:11.067,5.451196741174769,1.6729804144965277,12.642110188802084,2.0384996202256946
333,00:00:11.100,7.767431188512731,2.638095431857639,17.10552300347222,3.5586751302083335
334,00:00:11.133,8.879774305555555,3.573208279079861,18.255574544270832,4.810540093315972
335,00:00:11.167,9.08192726417824,4.474948459201389,17.12824164496528,5.642591688368055
336,00:00:11.200,8.310399938512731,5.912685818142361,14.3004150390625,4.718098958333333
337,00:00:11.233,9.558193630642362,8.47015380859375,13.706007215711805,6.498419867621528
338,00:00:11.267,0.02667010271990741,0.04951307508680555,0.013739691840277778,0.016757541232638888
339,00:00:11.300,0.017946596498842594,0.03579372829861111,0.0025227864583333335,0.015523274739583334
340,00:00:11.333,0.02702048972800926,0.06051296657986111,0.006917317708333333,0.013631184895833334
341,00:00:11.367,0.1346480758101852,0.3138766818576389,0.017618815104166668,0.07244873046875
342,00:00:11.400,0.020926016348379633,0.045037163628472224,0.003512912326388889,0.014227973090277778
343,00:00:11.433,0.02812138310185185,0.061319986979166664,0.0016072591145833333,0.021436903211805556
344,00:00:11.467,0.04757125289351852,0.1081203884548611,0.009067111545138888,0.025526258680555556
345,00:00:11.500,0.0719310619212963,0.15654161241319445,0.013739691840277778,0.045511881510416664
346,00:00:11.533,0.04730902777777777,0.09308539496527778,0.00262451171875,0.04621717664930555
347,00:00:11.567,0.03935863353587963,0.08573404947916667,0.0028211805555555555,0.029520670572916668
348,00:00:11.600,0.28980622468171297,0.67828369140625,0.035563151041666664,0.1555718315972222
349,00:00:11.633,0.25370732060185186,0.5290459526909722,0.04720730251736111,0.1848687065972222
350,00:00:11.667,1.3420432761863426,3.196017795138889,0.052056206597222224,0.7780558268229166
351,00:00:11.700,0.6701321072048612,1.4946831597222223,0.06786431206597222,0.4478488498263889
352,00:00:11.733,0.5071049442997685,1.0599704318576388,0.08003065321180555,0.3813137478298611
353,00:00:11.767,0.37245460792824076,0.852294921875,0.031717936197916664,0.23335096571180555
354,00:00:11.800,0.3372237594039351,0.7918497721354166,0.030402289496527776,0.1894192165798611
355,00:00:11.833,0.18031593605324073,0.3596462673611111,0.05217149522569445,0.12913004557291666
356,00:00:11.867,0.06731047453703703,0.14335123697916666,0.008978949652777778,0.049601236979166664
357,00:00:11.900,0.04531069155092592,0.0987887912326389,0.005777994791666667,0.031365288628472224
358,00:00:11.933,0.16001157407407407,0.3841078016493056,0.011189778645833334,0.08473714192708333
359,00:00:11.967,0.03706416377314815,0.06833902994791667,0.008721245659722222,0.03413221571180555
360,00:00:12.000,0.013588234230324075,0.029900444878472224,0.0017293294270833333,0.009134928385416666
361,00:00:12.033,0.013902452256944446,0.03009033203125,0.0017022026909722222,0.009914822048611112
362,00:00:12.067,0.03354673032407408,0.07401529947916667,0.0034044053819444445,0.023220486111111112
363,00:00:12.100,0.014189543547453705,0.028923882378472224,0.002475314670138889,0.01116943359375
364,00:00:12.133,0.006734212239583333,0.013746473524305556,0.001430935329861111,0.005025227864583333
365,00:00:12.167,0.008070203993055556,0.016099717881944444,0.0013834635416666667,0.006727430555555556
366,00:00:12.200,0.011641890914351851,0.02471923828125,0.001953125,0.008253309461805556
367,00:00:12.233,0.009153012876157407,0.017069498697916668,0.001614040798611111,0.008775499131944444
368,00:00:12.267,0.001026294849537037,0.0025499131944444445,9.494357638888889e-05,0.00043402777777777775
369,00:00:12.300,0.001060203269675926,0.002556694878472222,0.00010172526041666667,0.0005221896701388889
370,00:00:12.333,0.009437843605324075,0.0185546875,0.001430935329861111,0.008327907986111112
371,00:00:12.367,0.00918013961226852,0.018324110243055556,0.0013970269097222222,0.007819281684027778
372,00:00:12.400,0.0010692455150462963,0.0025770399305555555,0.0001220703125,0.0005086263020833334
373,00:00:12.433,0.0010285554108796296,0.0025499131944444445,0.00010172526041666667,0.00043402777777777775
374,00:00:12.467,0.012837727864583334,0.028021918402777776,0.001437717013888889,0.009053548177083334
375,00:00:12.500,0.028544108072916668,0.06683349609375,0.001430935329861111,0.017367892795138888
376,00:00:12.533,0.12397144458912035,0.15104166666666666,0.15604654947916666,0.06482611762152778
377,00:00:12.567,0.016719111689814815,0.022603352864583332,0.018968370225694444,0.008585611979166666
378,00:00:12.600,0.05362503616898148,0.12708875868055555,0.012546115451388888,0.021240234375
379,00:00:12.633,0.031482837818287035,0.05379909939236111,0.022291395399305556,0.018358018663194444
380,00:00:12.667,0.01683892144097222,0.025709364149305556,0.014553493923611112,0.01025390625
381,00:00:12.700,0.013830114293981483,0.016323513454861112,0.017666286892361112,0.007500542534722222
382,00:00:12.733,0.03626618561921296,0.06861707899305555,0.021063910590277776,0.019117567274305556
383,00:00:12.767,0.030693901909722224,0.047648111979166664,0.025444878472222224,0.018988715277777776
384,00:00:12.800,0.013287579571759259,0.021091037326388888,0.010111490885416666,0.008660210503472222
385,00:00:12.833,0.05081515842013889,0.0962795681423611,0.030063205295138888,0.026102701822916668
386,00:00:12.867,0.08273654513888888,0.12373860677083333,0.0025499131944444445,0.1219211154513889
387,00:00:12.900,0.017367892795138888,0.017530653211805556,0.009372287326388888,0.025200737847222224
388,00:00:12.933,3.7289564344618054,1.8985120985243056,8.07351345486111,1.21484375
389,00:00:12.967,2.3329829463252314,1.2522786458333333,4.9154052734375,0.8312649197048612
390,00:00:13.000,3.583066587094907,1.6884969075520833,8.015625,1.0450778537326388
391,00:00:13.033,2.736117892795139,1.4534030490451388,5.779852973090278,0.97509765625
392,00:00:13.067,1.940318919994213,1.2972954644097223,3.4931504991319446,1.0305107964409723
393,00:00:13.100,2.3837031611689814,1.6370646158854167,4.163119845920139,1.3509250217013888
394,00:00:13.133,0.8082365813078702,0.7424723307291666,0.9766710069444444,0.70556640625
395,00:00:13.167,0.42249665436921297,0.6827663845486112,0.0697970920138889,0.5149264865451388
396,00:00:13.200,0.2494439019097222,0.3991360134548611,0.051839192708333336,0.2973564995659722
397,00:00:13.233,0.29715078848379634,0.5154012044270834,0.040852864583333336,0.3351982964409722
398,00:00:13.267,0.12077275028935185,0.19886610243055555,0.020494249131944444,0.14295789930555555
399,00:00:13.300,0.02957492404513889,0.05841064453125,0.0030381944444444445,0.027275933159722224
400,00:00:13.333,0.07462791160300926,0.13728162977430555,0.010077582465277778,0.07652452256944445
401,00:00:13.367,0.1189846462673611,0.2013481987847222,0.024163140190972224,0.1314425998263889
402,00:00:13.400,0.031980161313657406,0.055243598090277776,0.0037095811631944445,0.0369873046875
403,00:00:13.433,0.00806568287037037,0.014845106336805556,0.0017632378472222222,0.007588704427083333
404,00:00:13.467,0.05939398871527778,0.11198594835069445,0.005405002170138889,0.060791015625
405,00:00:13.500,0.058467158564814825,0.11296929253472222,0.006293402777777778,0.05613878038194445
406,00:00:13.533,0.0028121383101851853,0.005716959635416667,0.0008409288194444445,0.0018785264756944445
407,00:00:13.567,0.0009064850983796297,0.0012342664930555555,0.00048149956597222225,0.001003689236111111
408,00:00:13.600,0.02630389178240741,0.0523681640625,0.003268771701388889,0.023274739583333332
409,00:00:13.633,0.06281195746527778,0.10616048177083333,0.007737901475694444,0.07453748914930555
410,00:00:13.667,0.010389539930555556,0.017144097222222224,0.0018785264756944445,0.01214599609375
411,00:00:13.700,0.007145634403935185,0.01171875,0.001675075954861111,0.008043077256944444
412,00:00:13.733,0.09391276041666667,0.15489366319444445,0.012057834201388888,0.11478678385416667
413,00:00:13.767,0.013897931134259259,0.028401692708333332,0.002529568142361111,0.010762532552083334
414,00:00:13.800,0.000881618923611111,0.0009969075520833333,0.0005764431423611111,0.001071506076388889
415,00:00:13.833,0.0005674008969907407,0.0003865559895833333,0.0005357530381944445,0.0007798936631944445
416,00:00:13.867,0.01995849609375,0.04200575086805555,0.002373589409722222,0.015496148003472222
417,00:00:13.900,0.03231472439236111,0.061726888020833336,0.0037095811631944445,0.03150770399305555
418,00:00:13.933,0.0005832248263888889,0.00037299262152777775,0.0006510416666666666,0.0007256401909722222
419,00:00:13.967,0.0005719220196759259,0.00043402777777777775,0.0005357530381944445,0.0007459852430555555
420,00:00:14.000,0.018552426938657406,0.037211100260416664,0.0026991102430555555,0.0157470703125
421,00:00:14.033,0.011436179832175925,0.023959689670138888,0.002407497829861111,0.007941351996527778
422,00:00:14.067,0.0005583586516203703,0.00037299262152777775,0.0006103515625,0.0006917317708333334
423,00:00:14.100,0.0005063657407407407,0.00037299262152777775,0.0004543728298611111,0.0006917317708333334
424,00:00:14.133,0.014894838686342594,0.030178493923611112,0.0021565755208333335,0.012349446614583334
425,00:00:14.167,0.013427734375,0.027669270833333332,0.003607855902777778,0.009006076388888888
426,00:00:14.200,0.0006171332465277778,0.0004001193576388889,0.0007459852430555555,0.0007052951388888889
427,00:00:14.233,0.035999439380787035,0.043131510416666664,0.007921006944444444,0.05694580078125
428,00:00:14.267,0.022298177083333332,0.04819064670138889,0.00238037109375,0.016323513454861112
429,00:00:14.300,0.019698531539351853,0.040045844184027776,0.0036824544270833335,0.015367296006944444
430,00:00:14.333,0.002362286603009259,0.0021769205729166665,0.0008951822916666666,0.004014756944444444
431,00:00:14.367,0.0026199905960648147,0.002224392361111111,0.0014580620659722222,0.004177517361111111
432,00:00:14.400,0.010644983362268517,0.022081163194444444,0.0021158854166666665,0.007737901475694444
433,00:00:14.433,0.014399775752314813,0.029439290364583332,0.0035807291666666665,0.010179307725694444
434,00:00:14.467,0.001792625144675926,0.0017632378472222222,0.0016954210069444445,0.001919216579861111
435,00:00:14.500,0.002007378472222222,0.0017293294270833333,0.0024617513020833335,0.0018310546875
436,00:00:14.533,0.016933865017361112,0.03508165147569445,0.002373589409722222,0.013346354166666666
437,00:00:14.567,0.01178882740162037,0.024827745225694444,0.002556694878472222,0.007982042100694444
438,00:00:14.600,0.00035716869212962964,0.00016954210069444444,0.0005560980902777778,0.0003458658854166667
439,00:00:14.633,0.000354908130787037,0.00016954210069444444,0.00054931640625,0.0003458658854166667
440,00:00:14.667,0.018425835503472224,0.03994411892361111,0.0019395616319444445,0.013393825954861112
441,00:00:14.700,0.008237485532407407,0.017971462673611112,0.00201416015625,0.004726833767361111
442,00:00:14.733,0.03738742404513889,0.04869249131944445,0.007588704427083333,0.05588107638888889
443,00:00:14.767,0.0026697229456018514,0.006883409288194444,0.0006171332465277778,0.0005086263020833334
444,00:00:14.800,0.01683892144097222,0.03933376736111111,0.0022379557291666665,0.008945041232638888
445,00:00:14.833,0.014130768952546299,0.031094021267361112,0.002556694878472222,0.008741590711805556
446,00:00:14.867,0.000354908130787037,0.00016954210069444444,0.00054931640625,0.0003458658854166667
447,00:00:14.900,0.00033682364004629633,0.00016954210069444444,0.0004950629340277778,0.0003458658854166667
448,00:00:14.933,0.012514467592592593,0.028639051649305556,0.002109103732638889,0.006795247395833333
449,00:00:14.967,0.010823567708333334,0.023579915364583332,0.002800835503472222,0.006089952256944444
450,00:00:15.000,0.00103759765625,0.001491970486111111,0.0005764431423611111,0.0010443793402777778
451,00:00:15.033,0.13168674045138887,0.18267822265625,0.1534084743923611,0.05897352430555555
452,00:00:15.067,0.01105640552662037,0.023579915364583332,0.002346462673611111,0.007242838541666667
453,00:00:15.100,0.03613959418402778,0.05464002821180555,0.04214816623263889,0.011630588107638888
454,00:00:15.133,0.018441659432870367,0.024088541666666668,0.022108289930555556,0.009128146701388888
455,00:00:15.167,0.043192545572916664,0.009453667534722222,0.11265055338541667,0.007473415798611111
456,00:00:15.200,0.03207962601273148,0.0626559787326389,0.017612033420138888,0.015970865885416668
457,00:00:15.233,0.027393482349537035,0.039164225260416664,0.006496853298611111,0.036519368489583336
458,00:00:15.267,0.01905879267939815,0.03880479600694445,0.011867947048611112,0.006503634982638889
459,00:00:15.300,0.023842140480324073,0.048258463541666664,0.014092339409722222,0.009175618489583334
460,00:00:15.333,0.00782154224537037,0.015828450520833332,0.0020751953125,0.005560980902777778
461,00:00:15.367,26.986884223090282,37.40184868706597,38.17894829644097,5.379855685763889
462,00:00:15.400,15.609639485677084,7.5814208984375,34.29656982421875,4.950927734375
463,00:00:15.433,15.400883427372685,10.369303385416666,30.73907470703125,5.094272189670139
464,00:00:15.467,7.815719039351852,4.410895453559028,14.38885498046875,4.647406684027778
465,00:00:15.500,8.383617259837964,3.7986653645833335,17.091064453125,4.261121961805555
466,00:00:15.533,3.4118358470775463,1.7224799262152777,7.055759006076389,1.4572686089409723
467,00:00:15.567,3.615049008969907,1.2360365125868056,7.816263834635417,1.7928466796875
468,00:00:15.600,0.5243394639756944,0.3186916775173611,1.1738009982638888,0.08052571614583333
469,00:00:15.633,0.6510190610532408,0.3548177083333333,1.5093180338541667,0.08892144097222222
470,00:00:15.667,0.48231788917824076,0.3415120442708333,1.0208401150173612,0.08460150824652778
471,00:00:15.700,0.023270218460648143,0.035196940104166664,0.017476399739583332,0.017137315538194444
472,00:00:15.733,0.0019734700520833335,0.00372314453125,0.0005628797743055555,0.0016343858506944445
473,00:00:15.767,0.0581958912037037,0.0727199978298611,0.027587890625,0.07427978515625
474,00:00:15.800,0.011522081163194442,0.020067003038194444,0.00360107421875,0.010898166232638888
475,00:00:15.833,0.013513635706018517,0.026014539930555556,0.0033365885416666665,0.011189778645833334
476,00:00:15.867,0.0015439633969907406,0.0035264756944444445,0.0003255208333333333,0.0007798936631944445
477,00:00:15.900,0.0012885199652777778,0.0033094618055555555,0.00022379557291666666,0.0003323025173611111
478,00:00:15.933,0.01015896267361111,0.020148383246527776,0.0009969075520833333,0.009331597222222222
479,00:00:15.967,0.004392270688657407,0.008599175347222222,0.0009765625,0.00360107421875
480,00:00:16.000,0.0012726960358796296,0.0032958984375,0.00023735894097222222,0.0002848307291666667
481,00:00:16.033,0.0013066044560185184,0.0033976236979166665,0.00023735894097222222,0.0002848307291666667
482,00:00:16.067,0.007914225260416666,0.015001085069444444,0.0016886393229166667,0.007052951388888889
483,00:00:16.100,0.007502803096064815,0.015543619791666666,0.002231174045138889,0.004733615451388889
484,00:00:16.133,0.0013201678240740743,0.0033772786458333335,0.00022379557291666666,0.00035942925347222225
485,00:00:16.167,0.001387984664351852,0.00347900390625,0.00021701388888888888,0.0004679361979166667
486,00:00:16.200,0.04304334852430555,0.060919867621527776,0.008056640625,0.06015353732638889
487,00:00:16.233,0.004197862413194444,0.007982042100694444,0.0010782877604166667,0.003533257378472222
488,00:00:16.267,0.0013405128761574073,0.0034315321180555555,0.0002848307291666667,0.00030517578125
489,00:00:16.300,0.001304343894675926,0.0033094618055555555,0.0002848307291666667,0.00031873914930555556
490,00:00:16.333,0.04230414496527777,0.05593532986111111,0.043328179253472224,0.02764892578125
491,00:00:16.367,0.0054479528356481495,0.010579427083333334,0.002068413628472222,0.003696017795138889
492,00:00:16.400,0.0019938151041666665,0.004536946614583333,0.0008816189236111111,0.0005628797743055555
493,00:00:16.433,2.0836678964120368,0.4915500217013889,3.139614529079861,2.619839138454861
494,00:00:16.467,0.014849627459490741,0.019612630208333332,0.01251220703125,0.012424045138888888
495,00:00:16.500,0.02013934100115741,0.026828342013888888,0.012417263454861112,0.021172417534722224
496,00:00:16.533,0.006103515625,0.006876627604166667,0.007520887586805556,0.003913031684027778
497,00:00:16.567,0.005183467158564815,0.005581325954861111,0.006496853298611111,0.003472222222222222
498,00:00:16.600,0.014996563946759259,0.018710666232638888,0.011040581597222222,0.015238444010416666
499,00:00:16.633,0.009286385995370369,0.013658311631944444,0.006212022569444444,0.007988823784722222
500,00:00:16.667,0.006537543402777779,0.009535047743055556,0.005961100260416667,0.004116482204861111
501,00:00:16.700,0.0013518156828703704,0.0037434895833333335,8.816189236111111e-05,0.00022379557291666666
502,00:00:16.733,0.0383594654224537,0.04759385850694445,0.008314344618055556,0.05917019314236111
503,00:00:16.767,0.004794650607638889,0.009141710069444444,0.0012953016493055555,0.003946940104166667
504,00:00:16.800,0.0011528862847222222,0.0032552083333333335,7.459852430555556e-05,0.00012885199652777778
505,00:00:16.833,0.0011732313368055557,0.003302680121527778,8.816189236111111e-05,0.00012885199652777778
506,00:00:16.867,0.004532425491898149,0.008368598090277778,0.0008816189236111111,0.004347059461805556
507,00:00:16.900,0.004091616030092593,0.008199055989583334,0.0009019639756944445,0.003173828125
508,00:00:16.933,0.0011732313368055557,0.003302680121527778,8.816189236111111e-05,0.00012885199652777778
509,00:00:16.967,0.0012094003182870371,0.003302680121527778,0.00019666883680555556,0.00012885199652777778
510,00:00:17.000,0.004087094907407408,0.008015950520833334,0.0008544921875,0.003390842013888889
511,00:00:17.033,0.005025227864583333,0.009894476996527778,0.0014512803819444445,0.003729926215277778
512,00:00:17.067,0.05324526186342593,0.057305230034722224,0.05036756727430555,0.05206298828125
513,00:00:17.100,0.4429660373263889,0.3555365668402778,0.9063924153645834,0.06696912977430555
514,00:00:17.133,0.006429036458333333,0.0118408203125,0.003017849392361111,0.004428439670138889
515,00:00:17.167,0.4593980577256944,0.3894382052951389,0.9131266276041666,0.07562934027777778
516,00:00:17.200,0.21903709129050922,0.18365478515625,0.3218044704861111,0.15165201822916666
517,00:00:17.233,0.011786566840277776,0.018649631076388888,0.009243435329861112,0.007466634114583333
518,00:00:17.267,0.006985134548611112,0.008449978298611112,0.006591796875,0.005913628472222222
519,00:00:17.300,0.06438304759837964,0.09870741102430555,0.045830620659722224,0.04861111111111111
520,00:00:17.333,0.45090964988425924,0.3581882052951389,0.8970947265625,0.0974460177951389
521,00:00:17.367,0.017216435185185185,0.026557074652777776,0.010504828559027778,0.01458740234375
522,00:00:17.400,0.45743362991898145,0.3649766710069444,0.8996310763888888,0.1076931423611111
523,00:00:17.433,0.04820194950810185,0.034688313802083336,0.04924180772569445,0.060675726996527776
524,00:00:17.467,0.025336371527777776,0.053812662760416664,0.012193467881944444,0.010002983940972222
525,00:00:17.500,0.01003689236111111,0.015231662326388888,0.006754557291666667,0.008124457465277778
526,00:00:17.533,0.008587872540509259,0.010776095920138888,0.006679958767361111,0.008307562934027778
527,00:00:17.567,0.004514341001157407,0.006001790364583333,0.003241644965277778,0.004299587673611111
528,00:00:17.600,0.011366102430555558,0.008138020833333334,0.009758843315972222,0.016201443142361112
529,00:00:17.633,0.6364881727430556,0.8438381618923612,0.9488593207465278,0.11676703559027778
530,00:00:17.667,0.6866025571469908,0.8729248046875,1.0136040581597223,0.17327880859375
531,00:00:17.700,0.02395968967013889,0.06390380859375,0.003668891059027778,0.004306369357638889
532,00:00:17.733,0.010068540219907407,0.022874620225694444,0.0032823350694444445,0.004048665364583333
533,00:00:17.767,0.011042842158564816,0.021742078993055556,0.00457763671875,0.006808810763888889
534,00:00:17.800,0.765780978732639,1.2266303168402777,0.20799424913194445,0.8627183702256944
535,00:00:17.833,0.007059733072916667,0.009175618489583334,0.005696614583333333,0.006306966145833333
536,00:00:17.867,0.0014625831886574073,0.0010240342881944445,0.0020005967881944445,0.0013631184895833333
537,00:00:17.900,0.003766095196759259,0.0038926866319444445,0.004509819878472222,0.002895779079861111
538,00:00:17.933,0.005698875144675927,0.004957411024305556,0.0013292100694444445,0.010810004340277778
539,00:00:17.967,0.0003006546585648148,0.0003933376736111111,0.0002780490451388889,0.00023057725694444444
540,00:00:18.000,2.7126736111111113e-05,0.0,7.459852430555556e-05,6.781684027777777e-06
541,00:00:18.033,1.5823929398148147e-05,0.0,4.0690104166666664e-05,6.781684027777777e-06
542,00:00:18.067,0.00042950665509259266,0.000244140625,0.0005696614583333334,0.00047471788194444444
543,00:00:18.100,0.0006736472800925927,0.0010308159722222222,0.0006781684027777778,0.00031195746527777775
544,00:00:18.133,0.022786458333333332,0.034918891059027776,0.002312554253472222,0.0311279296875
545,00:00:18.167,3.3908420138888884e-05,3.390842013888889e-05,4.7471788194444445e-05,2.0345052083333332e-05
546,00:00:18.200,0.05788393373842593,0.07600911458333333,0.045159233940972224,0.052483452690972224
547,00:00:18.233,0.46595820674189814,0.3935275607638889,0.9137098524305556,0.09063720703125
548,00:00:18.267,0.5346227575231483,0.4291585286458333,1.0260552300347223,0.1486545138888889
549,00:00:18.300,0.016906738281249997,0.037299262152777776,0.008951822916666666,0.004469129774305556
550,00:00:18.333,0.003503870081018519,0.003228081597222222,0.004713270399305556,0.002570258246527778
551,00:00:18.367,0.004885073061342592,0.004808213975694444,0.005723741319444444,0.004123263888888889
552,00:00:18.400,0.007086859809027777,0.00897216796875,0.006612141927083333,0.00567626953125
553,00:00:18.433,0.005777994791666667,0.0031941731770833335,0.00726318359375,0.006876627604166667
554,00:00:18.467,0.014827021846064813,0.008531358506944444,0.012539333767361112,0.023410373263888888
555,00:00:18.500,0.0030653211805555555,0.0017564561631944445,0.0026041666666666665,0.004835340711805556
556,00:00:18.533,0.0005425347222222221,0.00047471788194444444,0.0006306966145833334,0.0005221896701388889
557,00:00:18.567,0.0001695421006944444,0.000244140625,0.00010172526041666667,0.00016276041666666666
558,00:00:18.600,0.0001537181712962963,0.000244140625,0.00010172526041666667,0.00011528862847222222
559,00:00:18.633,0.0005470558449074075,0.0003458658854166667,0.00035264756944444444,0.0009426540798611111
560,00:00:18.667,0.04799623842592592,0.05482313368055555,0.04293484157986111,0.04623074001736111
561,00:00:18.700,0.44744646990740744,0.3589138454861111,0.8612128363715278,0.12221272786458333
562,00:00:18.733,0.5464794017650463,0.4291110568576389,0.9995795355902778,0.2107476128472222
563,00:00:18.767,0.00579833984375,0.010640462239583334,0.005032009548611111,0.0017225477430555555
564,00:00:18.800,0.0069625289351851844,0.013292100694444444,0.004977756076388889,0.002617730034722222
565,00:00:18.833,0.010102448640046297,0.018629286024305556,0.006666395399305556,0.005011664496527778
566,00:00:18.867,0.006490071614583333,0.008816189236111112,0.0059814453125,0.004672580295138889
567,00:00:18.900,0.004758481626157407,0.0022989908854166665,0.006178114149305556,0.00579833984375
568,00:00:18.933,0.005861635561342592,0.003567165798611111,0.005879720052083333,0.008138020833333334
569,00:00:18.967,0.010265209056712963,0.005791558159722222,0.008232964409722222,0.016771104600694444
570,00:00:19.000,0.0003119574652777778,0.00042724609375,0.0003323025173611111,0.00017632378472222222
571,00:00:19.033,0.00030065465856481485,0.00042046440972222225,0.0002712673611111111,0.00021023220486111112
572,00:00:19.067,0.0002102322048611111,0.0002780490451388889,0.00021701388888888888,0.00013563368055555556
573,00:00:19.100,0.000476978443287037,0.0006578233506944445,0.00044080946180555556,0.0003323025173611111
574,00:00:19.133,0.00035038700810185184,0.0004950629340277778,0.0003323025173611111,0.00022379557291666666
575,00:00:19.167,0.00017406322337962962,0.00025092230902777775,0.00016276041666666666,0.00010850694444444444
576,00:00:19.200,0.00017180266203703704,0.00025092230902777775,0.00016276041666666666,0.00010172526041666667
577,00:00:19.233,0.0647289134837963,0.01190185546875,0.05607774522569445,0.12620713975694445
578,00:00:19.267,0.13946081090856483,0.05811903211805555,0.061665852864583336,0.2985975477430556
579,00:00:19.300,0.04083251953125,0.005113389756944444,0.10520426432291667,0.012179904513888888
580,00:00:19.333,0.009345160590277778,0.00421142578125,0.00665283203125,0.017171223958333332
581,00:00:19.367,0.011847601996527778,0.005201551649305556,0.008599175347222222,0.021742078993055556
582,00:00:19.400,4.727536801938657,0.9809366861979166,11.130560980902779,2.0711127387152777
583,00:00:19.433,6.928365071614583,2.4204169379340277,14.969407823350695,3.3952704535590277
584,00:00:19.467,7.854300039785879,2.82330322265625,17.039876302083332,3.6997205946180554
585,00:00:19.500,15.019967538339118,7.63861083984375,32.628696017795136,4.792595757378472
586,00:00:19.533,25.674646448206015,38.179789225260414,33.01123725043403,5.832912868923611
587,00:00:19.567,8.28701443142361,4.969780815972222,17.559895833333332,2.3313666449652777
588,00:00:19.600,7.672849301938657,2.7507120768229165,18.00934516059028,2.2584906684027777
589,00:00:19.633,0.65045166015625,0.44525146484375,1.2740342881944444,0.23206922743055555
590,00:00:19.667,0.8653993959780092,0.3842976888020833,2.0422159830729165,0.1696845160590278
591,00:00:19.700,0.08969681351273147,0.07868109809027778,0.1615329318576389,0.028876410590277776
592,00:00:19.733,0.05213984736689815,0.10376654730902778,0.004957411024305556,0.04769558376736111
593,00:00:19.767,0.06486906828703703,0.1298895941840278,0.011284722222222222,0.05343288845486111
594,00:00:19.800,0.06369583695023147,0.09742567274305555,0.021538628472222224,0.07212320963541667
595,00:00:19.833,0.1480396412037037,0.11115180121527778,0.2971666124131944,0.03580050998263889
596,00:00:19.867,0.054341634114583336,0.11391194661458333,0.006856282552083333,0.042256673177083336
597,00:00:19.900,0.01781322337962963,0.030863444010416668,0.005011664496527778,0.017564561631944444
598,00:00:19.933,0.0002848307291666667,6.103515625e-05,0.0005832248263888889,0.00021023220486111112
599,00:00:19.967,0.0001514576099537037,0.0,0.0004543728298611111,0.0
600,00:00:20.000,0.004509819878472223,0.006096733940972222,0.0022718641493055555,0.005160861545138889
601,00:00:20.033,0.00979275173611111,0.014933268229166666,0.0031331380208333335,0.011311848958333334
602,00:00:20.067,0.00013563368055555556,0.0,0.0004069010416666667,0.0
603,00:00:20.100,0.00018310546875,0.0,0.00054931640625,0.0
604,00:00:20.133,0.011994538483796295,0.024190266927083332,0.002068413628472222,0.009724934895833334
605,00:00:20.167,0.0035264756944444445,0.005405002170138889,0.00225830078125,0.0029161241319444445
606,00:00:20.200,0.0006126121238425925,0.0011461046006944445,0.0006239149305555555,6.781684027777778e-05
607,00:00:20.233,0.02647795500578704,0.039042154947916664,0.003350151909722222,0.037041558159722224
608,00:00:20.267,0.00531005859375,0.010531955295138888,0.0018107096354166667,0.0035875108506944445
609,00:00:20.300,0.004310890480324074,0.007588704427083333,0.00201416015625,0.003329806857638889
610,00:00:20.333,0.00023735894097222222,4.0690104166666664e-05,0.0005900065104166666,8.138020833333333e-05
611,00:00:20.367,0.00017632378472222222,0.0,0.0005289713541666666,0.0
612,00:00:20.400,0.006401909722222221,0.012546115451388888,0.001681857638888889,0.004977756076388889
613,00:00:20.433,0.003280074508101852,0.005262586805555556,0.0017293294270833333,0.0028483072916666665
614,00:00:20.467,0.00041142216435185184,0.0001220703125,0.00048828125,0.0006239149305555555
615,00:00:20.500,0.00013563368055555556,0.0,0.0004069010416666667,0.0
616,00:00:20.533,0.0021678783275462963,0.0023328993055555555,0.00128173828125,0.0028889973958333335
617,00:00:20.567,0.0007572880497685185,3.390842013888889e-05,0.0016072591145833333,0.0006306966145833334
618,00:00:20.600,0.0001559787326388889,0.0,0.0004679361979166667,0.0
619,00:00:20.633,0.00013563368055555556,0.0,0.0004069010416666667,0.0
620,00:00:20.667,0.0022311740451388886,0.003350151909722222,0.0007866753472222222,0.002556694878472222
621,00:00:20.700,0.0006804289641203703,0.00025770399305555556,0.0009901258680555555,0.00079345703125
622,00:00:20.733,0.025277596932870367,0.040384928385416664,0.003323025173611111,0.032124837239583336
623,00:00:20.767,0.00012659143518518518,1.3563368055555555e-05,0.0003255208333333333,4.0690104166666664e-05
624,00:00:20.800,0.0005583586516203703,0.00015597873263888888,0.0006510416666666666,0.0008680555555555555
625,00:00:20.833,0.0007256401909722221,0.00011528862847222222,0.0008205837673611111,0.0012410481770833333
626,00:00:20.867,0.00044533058449074066,8.138020833333333e-05,0.0003390842013888889,0.00091552734375
627,00:00:20.900,0.09501817491319446,0.14769151475694445,0.10660807291666667,0.030754937065972224
628,00:00:20.933,0.00038881655092592597,0.00017632378472222222,0.0005967881944444445,0.0003933376736111111
629,00:00:20.967,0.003928855613425926,0.007425944010416667,0.0011732313368055555,0.0031873914930555555
630,00:00:21.000,0.0005289713541666666,0.0004543728298611111,0.0009223090277777778,0.00021023220486111112
631,00:00:21.033,0.016728153935185185,0.03045654296875,0.014634874131944444,0.005093044704861111
632,00:00:21.067,0.019994665075231483,0.0357666015625,0.016655815972222224,0.007561577690972222
633,00:00:21.100,2.7006519458912037,1.4238688151041667,5.95806884765625,0.7200181749131944
634,00:00:21.133,2.3013712565104165,1.1421847873263888,5.087002224392361,0.6749267578125
635,00:00:21.167,1.8472109194155093,1.0749850802951388,3.63299560546875,0.8336520724826388
636,00:00:21.200,1.8613710756655093,0.8386366102430556,3.9590657552083335,0.7864108615451388
637,00:00:21.233,2.3881474247685186,0.9957207573784722,5.4107666015625,0.7579549153645834
638,00:00:21.267,1.900297941984954,0.5085110134548612,4.799235026041667,0.3931477864583333
639,00:00:21.300,2.4489497432002314,0.5570271809895834,6.358832465277778,0.4309895833333333
640,00:00:21.333,1.0018400969328705,0.2825113932291667,2.3899739583333335,0.3330349392361111
641,00:00:21.367,0.009523744936342593,0.0,0.028164333767361112,0.0004069010416666667
642,00:00:21.400,0.01006175853587963,0.009765625,0.016526963975694444,0.0038926866319444445
643,00:00:21.433,0.014350043402777776,0.007113986545138889,0.026936848958333332,0.008999294704861112
644,00:00:21.467,0.02997956452546296,0.04544406467013889,0.021355523003472224,0.023139105902777776
645,00:00:21.500,0.005235460069444444,0.011379665798611112,0.0014105902777777778,0.0029161241319444445
646,00:00:21.533,0.004808213975694444,0.005316840277777778,0.007622612847222222,0.0014851888020833333
647,00:00:21.567,0.014151114004629628,0.028293185763888888,0.008436414930555556,0.005723741319444444
648,00:00:21.600,0.13756419994212962,0.2505764431423611,0.029513888888888888,0.1326022677951389
649,00:00:21.633,0.03403049045138889,0.0791897243923611,0.005126953125,0.017774793836805556
650,00:00:21.667,5.180770308883102,3.1222737630208335,9.487650553385416,2.9323866102430554
651,00:00:21.700,9.144052010995372,3.999057345920139,19.46240912543403,3.9706895616319446
652,00:00:21.733,8.735512062355324,4.019883897569445,18.339708116319443,3.8469441731770835
653,00:00:21.767,14.506354437934027,4.580356174045139,34.08958604600694,4.84912109375
654,00:00:21.800,20.64976218894676,3.7786390516493054,53.45197211371528,4.718675401475695
655,00:00:21.833,13.490164297598378,1.79705810546875,35.97691514756944,2.6965196397569446
656,00:00:21.867,6.2034527813946765,0.7553575303819444,16.57619900173611,1.2788018120659723
657,00:00:21.900,11.95385516131366,0.7693888346354166,33.807705349392364,1.2844712999131944
658,00:00:21.933,4.904041431568287,0.6968587239583334,12.878926595052084,1.1363389756944444
659,00:00:21.967,1.5563151041666667,0.4313761393229167,3.3740302191840277,0.8635389539930556
660,00:00:22.000,0.025960286458333332,0.027737087673611112,0.015570746527777778,0.03457302517361111
661,00:00:22.033,0.017471878616898147,0.023111979166666668,0.007853190104166666,0.021450466579861112
662,00:00:22.067,0.03758861400462963,0.04771592881944445,0.018093532986111112,0.046956380208333336
663,00:00:22.100,0.020670572916666664,0.03663465711805555,0.006266276041666667,0.019110785590277776
664,00:00:22.133,0.023634168836805556,0.03192138671875,0.0118408203125,0.027140299479166668
665,00:00:22.167,0.02376980251736111,0.027696397569444444,0.010816786024305556,0.032796223958333336
666,00:00:22.200,0.028464988425925927,0.035237630208333336,0.011027018229166666,0.039130316840277776
667,00:00:22.233,0.024332682291666668,0.037224663628472224,0.009589301215277778,0.02618408203125
668,00:00:22.267,0.014006438078703701,0.020887586805555556,0.005194769965277778,0.015936957465277776
669,00:00:22.300,0.025399667245370367,0.028998480902777776,0.0126953125,0.034505208333333336
670,00:00:22.333,0.012959798177083334,0.01788330078125,0.005343967013888889,0.015652126736111112
671,00:00:22.367,0.028480812355324073,0.030836317274305556,0.015543619791666666,0.0390625
672,00:00:22.400,0.019110785590277776,0.019137912326388888,0.010328504774305556,0.027865939670138888
673,00:00:22.433,0.026701750578703706,0.030999077690972224,0.013353135850694444,0.03575303819444445
674,00:00:22.467,0.019327799479166668,0.020819769965277776,0.010586208767361112,0.026577419704861112
675,00:00:22.500,0.052958170572916664,0.050394694010416664,0.03146023220486111,0.07701958550347222
676,00:00:22.533,0.022060818142361115,0.023735894097222224,0.011115180121527778,0.031331380208333336
677,00:00:22.567,0.05340576171875,0.04741075303819445,0.03233506944444445,0.0804714626736111
678,00:00:22.600,0.021398473668981483,0.024868435329861112,0.012363009982638888,0.026963975694444444
679,00:00:22.633,0.03435375072337963,0.03586154513888889,0.019314236111111112,0.04788547092013889
680,00:00:22.667,0.04286250361689815,0.048299153645833336,0.022901746961805556,0.05738661024305555
681,00:00:22.700,0.022958260995370374,0.0257568359375,0.012254503038194444,0.030863444010416668
682,00:00:22.733,0.02268925419560185,0.023220486111111112,0.0115966796875,0.03325059678819445
683,00:00:22.767,0.015168366608796295,0.018710666232638888,0.006510416666666667,0.020284016927083332
684,00:00:22.800,0.019341362847222224,0.019388834635416668,0.010382758246527778,0.028252495659722224
685,00:00:22.833,0.0186767578125,0.021016438802083332,0.009331597222222222,0.025682237413194444
686,00:00:22.867,0.022732204861111115,0.020595974392361112,0.011603461371527778,0.03599717881944445
687,00:00:22.900,0.014892578125,0.012844509548611112,0.007948133680555556,0.023885091145833332
688,00:00:22.933,0.010430230034722224,0.013142903645833334,0.004224989149305556,0.013922797309027778
689,00:00:22.967,0.02195683232060185,0.022671169704861112,0.012213812934027778,0.030985514322916668
690,00:00:23.000,0.016135886863425927,0.021314832899305556,0.006856282552083333,0.020236545138888888
691,00:00:23.033,0.012179904513888888,0.015326605902777778,0.005154079861111111,0.016059027777777776
692,00:00:23.067,0.02719455295138889,0.025709364149305556,0.015692816840277776,0.040181477864583336
693,00:00:23.100,0.013637966579861112,0.015265570746527778,0.006198459201388889,0.019449869791666668
694,00:00:23.133,0.030137803819444444,0.03305392795138889,0.015333387586805556,0.04202609592013889
695,00:00:23.167,0.034238462094907406,0.03564453125,0.0194091796875,0.047661675347222224
696,00:00:23.200,0.05614782262731482,0.057820638020833336,0.03424072265625,0.0763821072048611
697,00:00:23.233,0.03841824001736111,0.036688910590277776,0.023478190104166668,0.05508761935763889
698,00:00:23.267,0.005450213396990741,0.008260091145833334,0.0006646050347222222,0.007425944010416667
699,00:00:23.300,5.40638111255787,0.8002658420138888,14.66507297092014,0.7538045247395834
700,00:00:23.333,42.38888210720486,0.5285441080729166,126.30765109592014,0.3304511176215278
701,00:00:23.367,17.99511040581597,0.16902669270833334,53.69469536675347,0.1216091579861111
702,00:00:23.400,0.014985261140046295,0.010470920138888888,0.017069498697916668,0.017415364583333332
703,00:00:23.433,0.03632496021412037,0.040961371527777776,0.021457248263888888,0.04655626085069445
704,00:00:23.467,0.02787724247685185,0.031595865885416664,0.023084852430555556,0.028951009114583332
705,00:00:23.500,0.03628200954861111,0.03580050998263889,0.042378743489583336,0.030666775173611112
706,00:00:23.533,0.013158727575231483,0.016805013020833332,0.010586208767361112,0.0120849609375
707,00:00:23.567,0.028951009114583332,0.030131022135416668,0.0186767578125,0.038045247395833336
708,00:00:23.600,0.025001808449074073,0.035285101996527776,0.013529459635416666,0.026190863715277776
709,00:00:23.633,0.015855577256944444,0.023281521267361112,0.010362413194444444,0.013922797309027778
710,00:00:23.667,0.024542914496527776,0.029839409722222224,0.013726128472222222,0.030063205295138888
711,00:00:23.700,0.00948531539351852,0.009568956163194444,0.006605360243055556,0.012281629774305556
712,00:00:23.733,0.023521140769675927,0.023729112413194444,0.0166015625,0.030232747395833332
713,00:00:23.767,0.029161241319444448,0.033562554253472224,0.017971462673611112,0.03594970703125
714,00:00:23.800,0.039374457465277776,0.04886203342013889,0.018995496961805556,0.05026584201388889
715,00:00:23.833,0.03452781394675926,0.03835720486111111,0.018934461805555556,0.04629177517361111
716,00:00:23.867,0.07014295789930555,0.0731201171875,0.03988308376736111,0.09742567274305555
717,00:00:23.900,0.019926848234953703,0.017632378472222224,0.012403700086805556,0.029744466145833332
718,00:00:23.933,0.11964473017939814,0.11338297526041667,0.06715901692708333,0.17839219835069445
719,00:00:23.967,0.0006284360532407407,0.0,0.0018853081597222222,0.0
720,00:00:24.000,0.0008138020833333334,0.0011189778645833333,0.0012342664930555555,8.816189236111111e-05
721,00:00:24.033,0.0006917317708333334,0.0008816189236111111,0.0011528862847222222,4.0690104166666664e-05
722,00:00:24.067,2.486617476851852e-05,0.0,7.459852430555556e-05,0.0
723,00:00:24.100,2.0345052083333332e-05,0.0,6.103515625e-05,0.0
724,00:00:24.133,0.00044080946180555556,0.00015597873263888888,0.0011461046006944445,2.0345052083333332e-05
725,00:00:24.167,0.0003639503761574074,0.0,0.0010918511284722222,0.0
726,00:00:24.200,1.808449074074074e-05,0.0,5.425347222222222e-05,0.0
727,00:00:24.233,1.808449074074074e-05,0.0,5.425347222222222e-05,0.0
728,00:00:24.267,0.0003458658854166667,0.0,0.00103759765625,0.0
729,00:00:24.300,0.0003865559895833333,0.0,0.00115966796875,0.0
730,00:00:24.333,3.8429542824074075e-05,0.0,0.00011528862847222222,0.0
731,00:00:24.367,3.8429542824074075e-05,0.0,0.00011528862847222222,0.0
732,00:00:24.400,0.0003639503761574074,0.0,0.0010918511284722222,0.0
733,00:00:24.433,0.00033682364004629633,0.0,0.001010470920138889,0.0
734,00:00:24.467,1.808449074074074e-05,0.0,5.425347222222222e-05,0.0
735,00:00:24.500,1.808449074074074e-05,0.0,5.425347222222222e-05,0.0
736,00:00:24.533,0.00031421802662037036,0.0,0.0009426540798611111,0.0
737,00:00:24.567,0.00030065465856481485,0.0,0.0009019639756944445,0.0
738,00:00:24.600,1.5823929398148147e-05,0.0,4.7471788194444445e-05,0.0
739,00:00:24.633,2.0345052083333332e-05,0.0,6.103515625e-05,0.0
740,00:00:24.667,0.00029613353587962964,0.0,0.0008884006076388889,0.0
741,00:00:24.700,0.00030517578125,0.0,0.00091552734375,0.0
742,00:00:24.733,1.1302806712962964e-05,0.0,3.390842013888889e-05,0.0
743,00:00:24.767,2.0345052083333332e-05,0.0,6.103515625e-05,0.0
744,00:00:24.800,0.00029613353587962964,0.0,0.0008884006076388889,0.0
745,00:00:24.833,0.00030065465856481485,0.0,0.0009019639756944445,0.0
746,00:00:24.867,1.1302806712962964e-05,0.0,3.390842013888889e-05,0.0
747,00:00:24.900,1.1302806712962964e-05,0.0,3.390842013888889e-05,0.0
748,00:00:24.933,0.00029613353587962964,0.0,0.0008884006076388889,0.0
749,00:00:24.967,0.0003074363425925926,0.0,0.0009223090277777778,0.0
750,00:00:25.000,1.808449074074074e-05,0.0,5.425347222222222e-05,0.0
751,00:00:25.033,1.1302806712962964e-05,0.0,3.390842013888889e-05,0.0
752,00:00:25.067,0.00029387297453703704,0.0,0.0008816189236111111,0.0
753,00:00:25.100,0.00029161241319444444,0.0,0.0008748372395833334,0.0
754,00:00:25.133,1.1302806712962964e-05,0.0,3.390842013888889e-05,0.0
755,00:00:25.167,1.1302806712962964e-05,0.0,3.390842013888889e-05,0.0
756,00:00:25.200,0.00030969690393518515,0.0,0.0009290907118055555,0.0
757,00:00:25.233,0.00029387297453703704,0.0,0.0008816189236111111,0.0
758,00:00:25.267,1.1302806712962964e-05,0.0,3.390842013888889e-05,0.0
759,00:00:25.300,1.1302806712962964e-05,0.0,3.390842013888889e-05,0.0
760,00:00:25.333,0.0003029152199074074,0.0,0.0009087456597222222,0.0
761,00:00:25.367,0.0003029152199074074,0.0,0.0009087456597222222,0.0
762,00:00:25.400,1.1302806712962964e-05,0.0,3.390842013888889e-05,0.0
763,00:00:25.433,1.1302806712962964e-05,0.0,3.390842013888889e-05,0.0
764,00:00:25.467,0.0002983940972222222,0.0,0.0008951822916666666,0.0
765,00:00:25.500,0.0002983940972222222,0.0,0.0008951822916666666,0.0
766,00:00:25.533,1.1302806712962964e-05,0.0,3.390842013888889e-05,0.0
767,00:00:25.567,1.1302806712962964e-05,0.0,3.390842013888889e-05,0.0
768,00:00:25.600,0.0002983940972222222,0.0,0.0008951822916666666,0.0
769,00:00:25.633,0.00029613353587962964,0.0,0.0008884006076388889,0.0
770,00:00:25.667,1.1302806712962964e-05,0.0,3.390842013888889e-05,0.0
771,00:00:25.700,1.1302806712962964e-05,0.0,3.390842013888889e-05,0.0
772,00:00:25.733,0.00030065465856481485,0.0,0.0009019639756944445,0.0
773,00:00:25.767,0.00029387297453703704,0.0,0.0008816189236111111,0.0
774,00:00:25.800,1.1302806712962964e-05,0.0,3.390842013888889e-05,0.0
775,00:00:25.833,1.1302806712962964e-05,0.0,3.390842013888889e-05,0.0
776,00:00:25.867,0.0002983940972222222,0.0,0.0008951822916666666,0.0
777,00:00:25.900,0.00029613353587962964,0.0,0.0008884006076388889,0.0
778,00:00:25.933,1.1302806712962964e-05,0.0,3.390842013888889e-05,0.0
779,00:00:25.967,1.1302806712962964e-05,0.0,3.390842013888889e-05,0.0
780,00:00:26.000,0.0002983940972222222,0.0,0.0008951822916666666,0.0
781,00:00:26.033,0.00035942925347222225,0.0,0.0010782877604166667,0.0
782,00:00:26.067,2.0345052083333332e-05,0.0,6.103515625e-05,0.0
783,00:00:26.100,1.5823929398148147e-05,0.0,4.7471788194444445e-05,0.0
784,00:00:26.133,0.0002983940972222222,0.0,0.0008951822916666666,0.0
785,00:00:26.167,0.00030969690393518515,0.0,0.0009290907118055555,0.0
786,00:00:26.200,2.2605613425925928e-05,0.0,6.781684027777778e-05,0.0
787,00:00:26.233,1.808449074074074e-05,0.0,5.425347222222222e-05,0.0
788,00:00:26.267,0.00029613353587962964,0.0,0.0008884006076388889,0.0
789,00:00:26.300,0.00030969690393518515,0.0,0.0009290907118055555,0.0
790,00:00:26.333,1.1302806712962964e-05,0.0,3.390842013888889e-05,0.0
791,00:00:26.367,1.808449074074074e-05,0.0,5.425347222222222e-05,0.0
792,00:00:26.400,0.0002848307291666667,0.0,0.0008544921875,0.0
793,00:00:26.433,0.00033908420138888893,0.0,0.0010172526041666667,0.0
794,00:00:26.467,1.808449074074074e-05,0.0,5.425347222222222e-05,0.0
795,00:00:26.500,1.1302806712962964e-05,0.0,3.390842013888889e-05,0.0
796,00:00:26.533,0.00032099971064814816,0.0,0.0009629991319444445,0.0
797,00:00:26.567,0.0003119574652777778,0.0,0.0009358723958333334,0.0
798,00:00:26.600,1.1302806712962964e-05,0.0,3.390842013888889e-05,0.0
799,00:00:26.633,1.1302806712962964e-05,0.0,3.390842013888889e-05,0.0
800,00:00:26.667,0.00028935185185185184,0.0,0.0008680555555555555,0.0
801,00:00:26.700,0.00032326027199074077,0.0,0.0009697808159722222,0.0
802,00:00:26.733,1.1302806712962964e-05,0.0,3.390842013888889e-05,0.0
803,00:00:26.767,1.1302806712962964e-05,0.0,3.390842013888889e-05,0.0
804,00:00:26.800,0.00031647858796296296,0.0,0.0009494357638888889,0.0
805,00:00:26.833,0.00034812644675925923,0.0,0.0010443793402777778,0.0
806,00:00:26.867,1.5823929398148147e-05,0.0,4.7471788194444445e-05,0.0
807,00:00:26.900,1.1302806712962964e-05,0.0,3.390842013888889e-05,0.0
808,00:00:26.933,0.0003119574652777778,0.0,0.0009358723958333334,0.0
809,00:00:26.967,0.00033230251736111107,0.0,0.0009969075520833333,0.0
810,00:00:27.000,1.1302806712962964e-05,0.0,3.390842013888889e-05,0.0
811,00:00:27.033,1.1302806712962964e-05,0.0,3.390842013888889e-05,0.0
812,00:00:27.067,0.00033456307870370367,0.0,0.001003689236111111,0.0
813,00:00:27.100,0.11600748697916667,0.1363254123263889,0.1877170138888889,0.023980034722222224
814,00:00:27.133,0.00010398582175925925,0.0,0.00031195746527777775,0.0
815,00:00:27.167,0.0011393229166666667,0.0009629991319444445,0.0020616319444444445,0.0003933376736111111
816,00:00:27.200,0.006881148726851852,0.009284125434027778,0.009114583333333334,0.0022447374131944445
817,00:00:27.233,0.02570258246527778,0.05303955078125,0.017245822482638888,0.006822374131944444
818,00:00:27.267,1.415188259548611,1.47332763671875,1.3064778645833333,1.46575927734375
819,00:00:27.300,0.029837149160879633,0.06372748480902778,0.0152587890625,0.010525173611111112
820,00:00:27.333,0.023442021122685185,0.045125325520833336,0.016845703125,0.008355034722222222
821,00:00:27.367,0.04987250434027778,0.09673394097222222,0.033467610677083336,0.019415961371527776
822,00:00:27.400,0.05206524884259259,0.09370930989583333,0.04096815321180555,0.021518283420138888
823,00:00:27.433,0.026091399016203703,0.05436876085069445,0.013624403211805556,0.010281032986111112
824,00:00:27.467,0.019336841724537035,0.04897732204861111,0.0019056532118055555,0.007127549913194444
825,00:00:27.500,0.02575457537615741,0.04763454861111111,0.00799560546875,0.021633572048611112
826,00:00:27.533,0.01959454571759259,0.026943630642361112,0.010104709201388888,0.021735297309027776
827,00:00:27.567,0.015283655237268517,0.024983723958333332,0.005689832899305556,0.015177408854166666
828,00:00:27.600,0.044514973958333336,0.05497911241319445,0.022203233506944444,0.05636257595486111
829,00:00:27.633,54.97892478660301,1.5970594618055556,161.76605224609375,1.5736626519097223
830,00:00:27.667,0.03465440538194445,0.03824191623263889,0.0234375,0.04228379991319445
831,00:00:27.700,2.264286747685185,0.05257839626736111,6.683234320746528,0.057047526041666664
832,00:00:27.733,0.9626035337094906,0.185791015625,2.5382215711805554,0.16379801432291666
833,00:00:27.767,0.0006894712094907407,0.0,0.002068413628472222,0.0
834,00:00:27.800,0.0008047598379629629,0.00018988715277777778,0.002190483940972222,3.390842013888889e-05
835,00:00:27.833,0.0017383716724537037,0.0029432508680555555,0.0021769205729166665,9.494357638888889e-05
836,00:00:27.867,0.000938132957175926,3.390842013888889e-05,0.00274658203125,3.390842013888889e-05
837,00:00:27.900,0.00012433087384259258,0.00010172526041666667,0.000244140625,2.712673611111111e-05
838,00:00:27.933,0.0001152886284722222,0.00010172526041666667,0.00021701388888888888,2.712673611111111e-05
839,00:00:27.967,0.0006352177372685185,3.390842013888889e-05,0.0018378363715277778,3.390842013888889e-05
840,00:00:28.000,0.0006623444733796297,3.390842013888889e-05,0.001919216579861111,3.390842013888889e-05
841,00:00:28.033,0.00011528862847222223,0.00010172526041666667,0.00021023220486111112,3.390842013888889e-05
842,00:00:28.067,0.00010624638310185185,0.00010172526041666667,0.00018988715277777778,2.712673611111111e-05
843,00:00:28.100,0.0005199291087962963,4.0690104166666664e-05,0.0014444986979166667,7.459852430555556e-05
844,00:00:28.133,0.0008906611689814815,0.0012613932291666667,0.001308865017361111,0.00010172526041666667
845,00:00:28.167,8.138020833333333e-05,0.00010172526041666667,0.00011528862847222222,2.712673611111111e-05
846,00:00:28.200,0.0016411675347222222,0.0013359917534722222,0.00347900390625,0.00010850694444444444
847,00:00:28.233,0.0002825701678240741,3.390842013888889e-05,0.0007798936631944445,3.390842013888889e-05
848,00:00:28.267,0.00022153501157407408,3.390842013888889e-05,0.0005967881944444445,3.390842013888889e-05
849,00:00:28.300,9.268301504629629e-05,0.00010172526041666667,0.00014919704861111112,2.712673611111111e-05
850,00:00:28.333,9.042245370370371e-05,0.00010172526041666667,0.00014241536458333334,2.712673611111111e-05
851,00:00:28.367,0.00018310546875,3.390842013888889e-05,0.00048149956597222225,3.390842013888889e-05
852,00:00:28.400,0.00017858434606481482,3.390842013888889e-05,0.0004679361979166667,3.390842013888889e-05
853,00:00:28.433,8.364076967592592e-05,0.00010172526041666667,0.0001220703125,2.712673611111111e-05
854,00:00:28.467,8.364076967592592e-05,0.00010172526041666667,0.0001220703125,2.712673611111111e-05
855,00:00:28.500,0.00017632378472222222,3.390842013888889e-05,0.0004611545138888889,3.390842013888889e-05
856,00:00:28.533,0.00017632378472222222,3.390842013888889e-05,0.0004611545138888889,3.390842013888889e-05
857,00:00:28.567,8.364076967592592e-05,0.00010172526041666667,0.0001220703125,2.712673611111111e-05
858,00:00:28.600,8.364076967592592e-05,0.00010172526041666667,0.0001220703125,2.712673611111111e-05
859,00:00:28.633,0.00017632378472222222,3.390842013888889e-05,0.0004611545138888889,3.390842013888889e-05
860,00:00:28.667,0.00023283781828703704,3.390842013888889e-05,0.0006306966145833334,3.390842013888889e-05
861,00:00:28.700,8.364076967592592e-05,0.00010172526041666667,0.0001220703125,2.712673611111111e-05
862,00:00:28.733,0.003485785590277778,0.006842719184027778,0.0034315321180555555,0.00018310546875
863,00:00:28.767,0.00021927445023148145,3.390842013888889e-05,0.0005900065104166666,3.390842013888889e-05
864,00:00:28.800,0.00018762659143518518,3.390842013888889e-05,0.0004950629340277778,3.390842013888889e-05
865,00:00:28.833,7.911964699074074e-05,0.00010172526041666667,0.00010850694444444444,2.712673611111111e-05
866,00:00:28.867,7.911964699074074e-05,0.00010172526041666667,0.00010850694444444444,2.712673611111111e-05
867,00:00:28.900,0.00018762659143518518,3.390842013888889e-05,0.0004950629340277778,3.390842013888889e-05
868,00:00:28.933,0.00018762659143518518,3.390842013888889e-05,0.0004950629340277778,3.390842013888889e-05
869,00:00:28.967,7.911964699074074e-05,0.00010172526041666667,0.00010850694444444444,2.712673611111111e-05
870,00:00:29.000,7.911964699074074e-05,0.00010172526041666667,0.00010850694444444444,2.712673611111111e-05
871,00:00:29.033,0.00018762659143518518,3.390842013888889e-05,0.0004950629340277778,3.390842013888889e-05
872,00:00:29.067,0.00018762659143518518,3.390842013888889e-05,0.0004950629340277778,3.390842013888889e-05
873,00:00:29.100,7.911964699074074e-05,0.00010172526041666667,0.00010850694444444444,2.712673611111111e-05
874,00:00:29.133,7.911964699074074e-05,0.00010172526041666667,0.00010850694444444444,2.712673611111111e-05
875,00:00:29.167,0.00018762659143518518,3.390842013888889e-05,0.0004950629340277778,3.390842013888889e-05
876,00:00:29.200,0.00018762659143518518,3.390842013888889e-05,0.0004950629340277778,3.390842013888889e-05
877,00:00:29.233,0.002346462673611111,0.003573947482638889,0.003350151909722222,0.00011528862847222222
878,00:00:29.267,7.911964699074074e-05,0.00010172526041666667,0.00010850694444444444,2.712673611111111e-05
879,00:00:29.300,0.00018762659143518518,3.390842013888889e-05,0.0004950629340277778,3.390842013888889e-05
880,00:00:29.333,0.00018762659143518518,3.390842013888889e-05,0.0004950629340277778,3.390842013888889e-05
881,00:00:29.367,7.911964699074074e-05,0.00010172526041666667,0.00010850694444444444,2.712673611111111e-05
882,00:00:29.400,7.911964699074074e-05,0.00010172526041666667,0.00010850694444444444,2.712673611111111e-05
883,00:00:29.433,0.00018762659143518518,3.390842013888889e-05,0.0004950629340277778,3.390842013888889e-05
884,00:00:29.467,0.00018762659143518518,3.390842013888889e-05,0.0004950629340277778,3.390842013888889e-05
885,00:00:29.500,7.911964699074074e-05,0.00010172526041666667,0.00010850694444444444,2.712673611111111e-05
886,00:00:29.533,7.911964699074074e-05,0.00010172526041666667,0.00010850694444444444,2.712673611111111e-05
887,00:00:29.567,0.00018762659143518518,3.390842013888889e-05,0.0004950629340277778,3.390842013888889e-05
888,00:00:29.600,0.00018762659143518518,3.390842013888889e-05,0.0004950629340277778,3.390842013888889e-05
889,00:00:29.633,7.911964699074074e-05,0.00010172526041666667,0.00010850694444444444,2.712673611111111e-05
890,00:00:29.667,7.911964699074074e-05,0.00010172526041666667,0.00010850694444444444,2.712673611111111e-05
891,00:00:29.700,0.00018762659143518518,3.390842013888889e-05,0.0004950629340277778,3.390842013888889e-05
892,00:00:29.733,0.002459490740740741,0.003506130642361111,0.003750271267361111,0.0001220703125
893,00:00:29.767,7.911964699074074e-05,0.00010172526041666667,0.00010850694444444444,2.712673611111111e-05
894,00:00:29.800,7.911964699074074e-05,0.00010172526041666667,0.00010850694444444444,2.712673611111111e-05
895,00:00:29.833,0.00018762659143518518,3.390842013888889e-05,0.0004950629340277778,3.390842013888889e-05
896,00:00:29.867,0.00018762659143518518,3.390842013888889e-05,0.0004950629340277778,3.390842013888889e-05
897,00:00:29.900,7.911964699074074e-05,0.00010172526041666667,0.00010850694444444444,2.712673611111111e-05
898,00:00:29.933,7.911964699074074e-05,0.00010172526041666667,0.00010850694444444444,2.712673611111111e-05
899,00:00:29.967,0.00018762659143518518,3.390842013888889e-05,0.0004950629340277778,3.390842013888889e-05
900,00:00:30.000,0.00018762659143518518,3.390842013888889e-05,0.0004950629340277778,3.390842013888889e-05
901,00:00:30.033,7.911964699074074e-05,0.00010172526041666667,0.00010850694444444444,2.712673611111111e-05
902,00:00:30.067,7.911964699074074e-05,0.00010172526041666667,0.00010850694444444444,2.712673611111111e-05
903,00:00:30.100,0.00018762659143518518,3.390842013888889e-05,0.0004950629340277778,3.390842013888889e-05
904,00:00:30.133,0.00018762659143518518,3.390842013888889e-05,0.0004950629340277778,3.390842013888889e-05
905,00:00:30.167,7.911964699074074e-05,0.00010172526041666667,0.00010850694444444444,2.712673611111111e-05
906,00:00:30.200,7.911964699074074e-05,0.00010172526041666667,0.00010850694444444444,2.712673611111111e-05
907,00:00:30.233,0.002457230179398148,0.003506130642361111,0.0037367078993055555,0.00012885199652777778
908,00:00:30.267,0.00018762659143518518,3.390842013888889e-05,0.0004950629340277778,3.390842013888889e-05
909,00:00:30.300,7.911964699074074e-05,0.00010172526041666667,0.00010850694444444444,2.712673611111111e-05
910,00:00:30.333,7.911964699074074e-05,0.00010172526041666667,0.00010850694444444444,2.712673611111111e-05
911,00:00:30.367,0.00018762659143518518,3.390842013888889e-05,0.0004950629340277778,3.390842013888889e-05
912,00:00:30.400,0.00018762659143518518,3.390842013888889e-05,0.0004950629340277778,3.390842013888889e-05
913,00:00:30.433,7.911964699074074e-05,0.00010172526041666667,0.00010850694444444444,2.712673611111111e-05
914,00:00:30.467,7.911964699074074e-05,0.00010172526041666667,0.00010850694444444444,2.712673611111111e-05
915,00:00:30.500,0.00018762659143518518,3.390842013888889e-05,0.0004950629340277778,3.390842013888889e-05
916,00:00:30.533,0.00018762659143518518,3.390842013888889e-05,0.0004950629340277778,3.390842013888889e-05
917,00:00:30.567,7.911964699074074e-05,0.00010172526041666667,0.00010850694444444444,2.712673611111111e-05
918,00:00:30.600,7.911964699074074e-05,0.00010172526041666667,0.00010850694444444444,2.712673611111111e-05
919,00:00:30.633,0.00018762659143518518,3.390842013888889e-05,0.0004950629340277778,3.390842013888889e-05
920,00:00:30.667,0.00018762659143518518,3.390842013888889e-05,0.0004950629340277778,3.390842013888889e-05
921,00:00:30.700,7.911964699074074e-05,0.00010172526041666667,0.00010850694444444444,2.712673611111111e-05
922,00:00:30.733,0.0023487232349537037,0.003573947482638889,0.003350151909722222,0.0001220703125
923,00:00:30.767,0.00018762659143518518,3.390842013888889e-05,0.0004950629340277778,3.390842013888889e-05
924,00:00:30.800,0.00018762659143518518,3.390842013888889e-05,0.0004950629340277778,3.390842013888889e-05
925,00:00:30.833,7.911964699074074e-05,0.00010172526041666667,0.00010850694444444444,2.712673611111111e-05
926,00:00:30.867,7.911964699074074e-05,0.00010172526041666667,0.00010850694444444444,2.712673611111111e-05
927,00:00:30.900,0.00018762659143518518,3.390842013888889e-05,0.0004950629340277778,3.390842013888889e-05
928,00:00:30.933,0.00018762659143518518,3.390842013888889e-05,0.0004950629340277778,3.390842013888889e-05
929,00:00:30.967,7.911964699074074e-05,0.00010172526041666667,0.00010850694444444444,2.712673611111111e-05
930,00:00:31.000,7.911964699074074e-05,0.00010172526041666667,0.00010850694444444444,2.712673611111111e-05
931,00:00:31.033,0.00018762659143518518,3.390842013888889e-05,0.0004950629340277778,3.390842013888889e-05
932,00:00:31.067,0.00018762659143518518,3.390842013888889e-05,0.0004950629340277778,3.390842013888889e-05
933,00:00:31.100,7.911964699074074e-05,0.00010172526041666667,0.00010850694444444444,2.712673611111111e-05
934,00:00:31.133,7.911964699074074e-05,0.00010172526041666667,0.00010850694444444444,2.712673611111111e-05
935,00:00:31.167,0.00018762659143518518,3.390842013888889e-05,0.0004950629340277778,3.390842013888889e-05
936,00:00:31.200,0.00018762659143518518,3.390842013888889e-05,0.0004950629340277778,3.390842013888889e-05
937,00:00:31.233,0.0023487232349537037,0.003573947482638889,0.003350151909722222,0.0001220703125
938,00:00:31.267,7.911964699074074e-05,0.00010172526041666667,0.00010850694444444444,2.712673611111111e-05
939,00:00:31.300,0.00018762659143518518,3.390842013888889e-05,0.0004950629340277778,3.390842013888889e-05
940,00:00:31.333,0.00018762659143518518,3.390842013888889e-05,0.0004950629340277778,3.390842013888889e-05
941,00:00:31.367,7.911964699074074e-05,0.00010172526041666667,0.00010850694444444444,2.712673611111111e-05
942,00:00:31.400,7.911964699074074e-05,0.00010172526041666667,0.00010850694444444444,2.712673611111111e-05
943,00:00:31.433,0.00018762659143518518,3.390842013888889e-05,0.0004950629340277778,3.390842013888889e-05
944,00:00:31.467,0.00018762659143518518,3.390842013888889e-05,0.0004950629340277778,3.390842013888889e-05
945,00:00:31.500,7.911964699074074e-05,0.00010172526041666667,0.00010850694444444444,2.712673611111111e-05
946,00:00:31.533,7.911964699074074e-05,0.00010172526041666667,0.00010850694444444444,2.712673611111111e-05
947,00:00:31.567,0.00018762659143518518,3.390842013888889e-05,0.0004950629340277778,3.390842013888889e-05
948,00:00:31.600,1.5823929398148147e-05,0.0,4.7471788194444445e-05,0.0
949,00:00:31.633,0.2770950882523148,0.3050740559895833,0.2592909071180556,0.2669203016493056
950,00:00:31.667,0.0022537796585648147,0.00016954210069444444,0.006517198350694444,7.459852430555556e-05
951,00:00:31.700,9.946469907407408e-05,0.0,0.00029839409722222225,0.0
952,00:00:31.733,0.002818919994212963,0.005018446180555556,0.0032958984375,0.00014241536458333334
953,00:00:31.767,0.0003119574652777778,0.0,0.0009358723958333334,0.0
954,00:00:31.800,0.0002644856770833333,0.0,0.00079345703125,0.0
955,00:00:31.833,4.521122685185185e-06,0.0,1.3563368055555555e-05,0.0
956,00:00:31.867,0.0,0.0,0.0,0.0
957,00:00:31.900,4.7471788194444445e-05,0.0,0.00014241536458333334,0.0
958,00:00:31.933,2.712673611111111e-05,0.0,8.138020833333333e-05,0.0
959,00:00:31.967,0.0,0.0,0.0,0.0
960,00:00:32.000,0.0,0.0,0.0,0.0
961,00:00:32.033,0.0,0.0,0.0,0.0
962,00:00:32.067,0.0,0.0,0.0,0.0
963,00:00:32.100,0.0,0.0,0.0,0.0
964,00:00:32.133,0.0,0.0,0.0,0.0
965,00:00:32.167,0.0,0.0,0.0,0.0
966,00:00:32.200,0.0030291521990740747,0.005750868055555556,0.003146701388888889,0.00018988715277777778
967,00:00:32.233,0.0,0.0,0.0,0.0
968,00:00:32.267,0.0,0.0,0.0,0.0
969,00:00:32.300,0.0,0.0,0.0,0.0
970,00:00:32.333,0.001103153935185185,0.003173828125,0.0,0.00013563368055555556
971,00:00:32.367,0.0,0.0,0.0,0.0
972,00:00:32.400,0.0,0.0,0.0,0.0
973,00:00:32.433,0.0,0.0,0.0,0.0
974,00:00:32.467,0.0,0.0,0.0,0.0
975,00:00:32.500,0.0,0.0,0.0,0.0
976,00:00:32.533,0.0,0.0,0.0,0.0
977,00:00:32.567,0.0,0.0,0.0,0.0
978,00:00:32.600,0.0,0.0,0.0,0.0
979,00:00:32.633,0.0,0.0,0.0,0.0
980,00:00:32.667,0.0,0.0,0.0,0.0
981,00:00:32.700,0.001937301070601852,0.0025770399305555555,0.003146701388888889,8.816189236111111e-05
982,00:00:32.733,0.0,0.0,0.0,0.0
983,00:00:32.767,0.0,0.0,0.0,0.0
984,00:00:32.800,0.0,0.0,0.0,0.0
985,00:00:32.833,0.0,0.0,0.0,0.0
986,00:00:32.867,0.0,0.0,0.0,0.0
987,00:00:32.900,0.0,0.0,0.0,0.0
988,00:00:32.933,0.0,0.0,0.0,0.0
989,00:00:32.967,0.0,0.0,0.0,0.0
990,00:00:33.000,0.0,0.0,0.0,0.0
991,00:00:33.033,0.0,0.0,0.0,0.0
992,00:00:33.067,0.0,0.0,0.0,0.0
993,00:00:33.100,0.0,0.0,0.0,0.0
994,00:00:33.133,0.0,0.0,0.0,0.0
995,00:00:33.167,0.0,0.0,0.0,0.0
996,00:00:33.200,0.0030314127604166665,0.005750868055555556,0.003146701388888889,0.00019666883680555556
997,00:00:33.233,0.0,0.0,0.0,0.0
998,00:00:33.267,0.001103153935185185,0.003173828125,0.0,0.00013563368055555556
999,00:00:33.300,0.0,0.0,0.0,0.0
1000,00:00:33.333,0.0,0.0,0.0,0.0
1001,00:00:33.367,0.0,0.0,0.0,0.0
1002,00:00:33.400,0.0,0.0,0.0,0.0
1003,00:00:33.433,0.0,0.0,0.0,0.0
1004,00:00:33.467,0.0,0.0,0.0,0.0
1005,00:00:33.500,0.0,0.0,0.0,0.0
1006,00:00:33.533,0.0,0.0,0.0,0.0
1007,00:00:33.567,0.0,0.0,0.0,0.0
1008,00:00:33.600,0.0,0.0,0.0,0.0
1009,00:00:33.633,0.0,0.0,0.0,0.0
1010,00:00:33.667,0.0,0.0,0.0,0.0
1011,00:00:33.700,0.0,0.0,0.0,0.0
1012,00:00:33.733,0.001937301070601852,0.0025770399305555555,0.003146701388888889,8.816189236111111e-05
1013,00:00:33.767,0.0,0.0,0.0,0.0
1014,00:00:33.800,0.0,0.0,0.0,0.0
1015,00:00:33.833,0.0,0.0,0.0,0.0
1016,00:00:33.867,0.0,0.0,0.0,0.0
1017,00:00:33.900,0.0,0.0,0.0,0.0
1018,00:00:33.933,0.0,0.0,0.0,0.0
1019,00:00:33.967,0.0,0.0,0.0,0.0
1020,00:00:34.000,0.0,0.0,0.0,0.0
1021,00:00:34.033,0.0,0.0,0.0,0.0
1022,00:00:34.067,0.0,0.0,0.0,0.0
1023,00:00:34.100,0.0,0.0,0.0,0.0
1024,00:00:34.133,0.0,0.0,0.0,0.0
1025,00:00:34.167,0.0,0.0,0.0,0.0
1026,00:00:34.200,0.0,0.0,0.0,0.0
